Oddswar,Stoiximan,Confidence
Caxias do Sul,Caxias Do Sul,100.0
ACBD Rio Claro,ACBD Rio Claro,100.0
Tapiolan Honka,Tapiolan Honka,100.0
Beijing Royal Fighters,Beijing Royal Fighters,100.0
KT Sonicboom,KT Sonicboom,100.0
CA Paulistano,Paulistano,100.0
Sesi SP/Franca BC,Sesi SP/Franca,100.0
Trefl Sopot,Trefl Sopot,100.0
Alkar Sinj,Alkar,100.0
Cibona,Cibona,100.0
KK Rogaska,Rogaska,100.0
Kansai Helios Domzale,Helios Suns Domzale,100.0
Dubai Basketball,Dubai BC,100.0
Boras Basket,Boraas Basket,100.0
ADA Blois Basket 41,Ada Blois Basket 41,100.0
AEK Athens,AEK Athens,100.0
ALBA Berlin,Alba Berlin,100.0
AO Kolossos Rodou,Kolossos Rhodes,100.0
AO Mykonos BC,AO Mykonou,100.0
APU Udine,AP Udine,100.0
AS Monaco,Monaco,100.0
ASK Karditsas BC,AS Karditsas,100.0
ASVEL Lyon-Villeurbanne,ASVEL Lyon-Villeurbanne,100.0
Academics Heidelberg,USC Heidelberg,100.0
Adelaide 36ers,Adelaide 36ers,100.0
Adelaide Lightning W,Adelaide Lightning (W),100.0
Aguada,Aguada,100.0
Aix Maurienne Savoie Basket,Aix Maurienne,100.0
Anadolu Efes SK,Efes,100.0
Antibes Sharks,Antibes Sharks,100.0
Aquila Basket Trento,Aquila Basket Trento,100.0
Argentino Junin,Argentino Junin,100.0
Aris BC,Aris,100.0
Asc Denain Voltaire PH,Denain,100.0
Asociacion Hebraica y Macabi,Hebraica Macabi,100.0
Atletico Goes,Atletico Goes,100.0
BC Copenhagen,Copenhagen,100.0
BC Komarno,MBK Komarno,100.0
BC Lietkabelis Panevezys,Lietkabelis,100.0
BC Lulea,BC Lulea,100.0
BC Neptunas Klaipeda,Klaipedos Neptunas Akvaservis,100.0
BC Prievidza,HBK Prievidza,100.0
BC Slovan Bratislava,BK Inter Bratislava,100.0
BC Spartak Pleven,Spartak Pleven,100.0
BC Vienna,BC Vienna,100.0
BC Zalgiris Kaunas,Zalgiris Kaunas,100.0
BCMU Arges Pitesti,BCM U Pitesti,100.0
BK Amager,BK Amager,100.0
BK Iskra Svit,BK Iskra Svit,100.0
BK Vejen,KIF Vejen,100.0
BKM Lucenec,MBK Lucenec,100.0
BMS Herlev,BMS Herlev Wolfpack,100.0
Bakken Bears,Bakken Bears,100.0
Bamberg Baskets,Bamberg,100.0
Basket Cartagena,Cartagena,100.0
Basketball Lowen Braunschw,Basketball Lowen Braunschweig,100.0
Basketball Nymburk,Nymburk,100.0
Baskonia Vitoria-Gasteiz,Baskonia,100.0
Basquet Manresa,Manresa,100.0
Bayern Munich,Bayern Munchen,100.0
Beliers de Kemper - UJAP,Beliers de Kemper,100.0
Besiktas JK,Besiktas,100.0
Bigua,Bigua,100.0
Bkk Radnicki Belgrade,Radnicki Belgrade,100.0
Boca Juniors,Boca Juniors,100.0
Botev 2012 Vratsa,Botev 2012 Vratsa,100.0
Boulazac Basket Dordogne,Boulazac Dordogne Pro,100.0
Bourges Women,Bourges (W),100.0
Bristol Flyers,Bristol Flyers,100.0
Bursaspor,Bursaspor,100.0
Buyukcekmece,Buyukcekmece,100.0
CA Penarol,Penarol,100.0
CA Platense,Platense,100.0
CA San Lorenzo de Almagro,San Lorenzo de Almagro,100.0
CB Coruna,Basquet Coruna,100.0
CB Gran Canaria,Gran Canaria,100.0
CB Tizona,UBU Tizona,100.0
CB Zamora,Zamorano,100.0
CD Estela,Estela,100.0
CSM Corona Brasov,CSM Corona Brasov,100.0
CSM Targu Jiu,CSM Targu Jiu,100.0
CSU Sibiu,BC CSU Sibiu,100.0
Caen Basket Calvados,Caen Basket Calvados,100.0
Cairns Taipans,Cairns Taipans,100.0
Caledonia Gladiators,Caledonia Gladiators,100.0
Canberra Capitals W,Canberra Capitals (W),100.0
Cheshire Phoenix,Cheshire Phoenix,100.0
Ciclista Olimpico de La Ban,Ciclista Olimpico LDD,100.0
Ciclista Olimpico de La Banda,Club Ciclista Olimpico,100.0
Club Atletico Cordon,Club Atletico Cordon,100.0
Club Atletico Welcome,Club Atletico Welcome,100.0
Club Malvin,Malvin,100.0
Club Melilla Baloncesto,Club Melilla Baloncesto,100.0
Club de Regatas Vasco da Gama,Vasco da Gama,100.0
Csm Targu Mures,CSM Targu Mures,100.0
Dabrowa Gornicza,MKS Dabrowa Gornicza,100.0
Defensor Sporting,Defensor Sporting,100.0
Derthona Basket,Derthona Basket,100.0
Dinamo Sassari,Dinamo Sassari,100.0
Elan Chalon,Elan Chalon,100.0
FC Barcelona,Barcelona,100.0
Fenerbahce Istanbul,Fenerbahce,100.0
Fenerbahce SK,Fenerbahce,100.0
GKK Sibenka,GKK Sibenik,100.0
Galatasaray Cagdas Women,Galatasaray (W),100.0
Galatasaray SK,Galatasaray,100.0
Gladiators Trier,Gladiators Trier,100.0
Hamburg Towers,Hamburg Towers,100.0
Hapoel Tel-Aviv,Hapoel Tel Aviv,100.0
Hermine Nantes Basket,Nantes,100.0
Hyeres Toulon,Hyeres Toulon Var Basket,100.0
IA Central Cordoba,Instituto Atletico Central Cordoba,100.0
Independiente de Oliva,Independiente de Oliva LDD,100.0
Iraklis Thessaloniki,Iraklis,100.0
Jamtland Basket,Jamtland Basket,100.0
Jilin Northeast Tigers,Jilin Northeast Tigers,100.0
KCC Egis,KCC Egis,100.0
KD Ilirija,Ilirija,100.0
KK Borac Cacak,Borac Cacak,100.0
KK Bosna Royal Sarajevo,KK Bosna,100.0
KK Buducnost Voli,Buducnost,100.0
KK Cedevita Olimpija Ljubljana,Cedevita Olimpija,100.0
KK Crvena zvezda Belgrade,Crvena Zvezda,100.0
KK FMP Belgrade,FMP,100.0
KK Krka Novo Mesto,Krka,100.0
KK Partizan Belgrade,Partizan,100.0
KK Samobor,KK Samobor,100.0
KK Vrsac,KK Vrsac,100.0
KTP Basket,KTP Basket Kotka,100.0
Kauhajoki Karhu,Kauhajoen Karhu,100.0
Kk Split,KK Split,100.0
Koping Stars,Koping Stars,100.0
Kosice Wolves,Kosice Wolves,100.0
La Union Formosa,La Union Formosa,100.0
Le Mans Sarthe Basket,Le Mans,100.0
Leicester Riders,Leicester Riders,100.0
Limoges CSP,Limoges,100.0
Lokomotiv Plovdiv 1926,Lokomotiv Plovdiv,100.0
MBK Handlova,MBK Handlova,100.0
Maccabi Tel-Aviv,Maccabi Tel Aviv,100.0
Manchester Basketball,Manchester Giants,100.0
Maroussi BC,Marousi,100.0
Nacional,Atletico Nacional,100.0
Nanterre 92,Nanterre,100.0
New Zealand Breakers,New Zealand Breakers,100.0
Niners Chemnitz,Niners Chemnitz,100.0
Norrkoeping Dolphins,Norrkoping Dolphins,100.0
Obera Tenis Club,Obera Tenis Club,100.0
Obradoiro CAB,Obradoiro,100.0
Obras Sanitarias,Club Atletico Obras Sanitarias,100.0
Olimpia Milano,Olimpia Milano,100.0
Olympiacos BC,Olympiacos,100.0
Ostrow Wielkopolski,Stal Ostrow,100.0
Oviedo BC,Oviedo,100.0
PAOK BC,PAOK,100.0
Pallacanestro Trieste,Trieste,100.0
Palmer Basquet Mallorca Palma,Palmer Basket Mallorca,100.0
Panathinaikos BC,Panathinaikos,100.0
Panionios BC,Panionios,100.0
Paris Basketball,Paris Basketball,100.0
Pato,Pato,100.0
Peristeri BC,Peristeri,100.0
Pinar Karsiyaka,Karsiyaka,100.0
Poitiers Basket 86,Poitiers,100.0
Racing de Chivilcoy,Racing Chivilcoy LDD,100.0
Randers Cimbria,Randers Cimbria,100.0
Rasta Vechta,Rasta Vechta,100.0
Real Madrid,Real Madrid,100.0
Regatas Corrientes,Regatas Corrientes,100.0
Reyer Venezia,Reyer Venezia,100.0
Rilski Sportist,Rilski Sportist Samokov,100.0
Rouen Metropole Basket,Rouen,100.0
Rytas Vilnius,Rytas Vilnius,100.0
SE Melbourne Phoenix,South East Melbourne Phoenix,100.0
Saint Quentin,Saint-Quentin,100.0
San Martin Corrientes,San Martin Corrientes,100.0
San Miguel Beermen,San Miguel Beermen,100.0
Seoul SK Knights,Seoul SK Knights,100.0
Shandong Kirin,Shandong Kirin,100.0
Shumen,Shumen,100.0
Slask Wroclaw,Slask Wroclaw,100.0
Sloga Uppsala,Sloga Uppsala,100.0
Soedertaelje BBK,Sodertalje Kings,100.0
Southside Flyers W,Southside Flyers (W),100.0
Spartak Subotica,Spartak Subotica,100.0
Spisski Rytieri,Spisskí Rytieri,100.0
Surrey 89ers,Surrey Scorchers,100.0
Svendborg Rabbits,Svendborg Rabbits,100.0
Tasmania JackJumpers,Tasmania Jackjumpers,100.0
Tianjin Pioneers,Tianjin Pioneers,100.0
Tofas SK,Tofas,100.0
Townsville Fire W,Townsville Fire (W),100.0
Trabzonspor BK,Trabzonspor MP,100.0
Tropang Giga,TNT Tropang Giga,100.0
Turk Telekom,Turk Telekom,100.0
Turk Telekom BK,Turk Telekom,100.0
UCAM Murcia,Murcia,100.0
Umea BSKT,Umeå,100.0
Union Atletica,Union Atletica,100.0
Union de Santa Fe,Union Santa Fe,100.0
Uppsala Basket,Uppsala Basket,100.0
Urunday Universitario,Urunday Universitario,100.0
Valencia Basket,Valencia,100.0
Vanoli Cremona,Cremona,100.0
Vendee Challans Basket,Vendee Challans Basket,100.0
Virtus Bologna,Virtus Bologna,100.0
Wonju DB Promy,Wonju Dongbu Promy,100.0
Wurzburg Baskets,Wurzburg,100.0
Zhejiang Lions,Zhejiang Guangsha Lions,100.0
Hapoel Holon BC,Hapoel Holon,100.0
Ningbo Rockets,Ningbo Fubon Rockets,100.0
Club Joventut Badalona,Joventut Badalona,100.0
LG Sakers,Changwon LG Sakers,100.0
Vrlse BBK,,
Xinjiang Flying Tigers,,
BC Olympiakos Piraeus,,
Illawarra Hawks,,
Geelong United W,,
Hapoel Jerusalem,,
JL Bourg Basket,,
Champagne Basketball,,
Nassjo Basket,,
FC Universitatea Cluj,,
Perth Wildcats,,
Flammes Carolo Basket Ardenne,,
Akademik Bulteks 99,,
Alliance Sport Alsace,,
Anyang Jungkwanjang Red Booste,,
BK Patrioti Levice,,
Baloncesto Malaga,,
Bears Academy,,
Bendigo Spirit W,,
Bkm Lucenec,,
Brisbane Bullets,,
Busan Sum Women,,
CB Bahia San Agustin,,
CB Canarias,,
CS Dinamo Bucuresti,,
CS Municipal Galati,,
CS Rapid Bucuresti,,
CS Valcea 1924 Rm Valcea,,
CSM CSU Oradea,,
CSM Ploiesti,,
CSO Voluntari,,
Cheongju KB Stars Women,,
Elan Bearnais Pau-Lacq-Ort,,
Fujian Sturgeons,,
Gimnasia de Comodoro,,
Guangzhou Loong Lions,,
Hana Bank Women,,
Holbaek-Stenhus,,
Jiangsu Dragons,,
Liaoning Flying Leopards,,
London Lions,,
Melbourne United,,
Nitra Blue Wings,,
Pallacanestro Brescia,,
Panionios BC Athens,,
Penarol Mar Del Plata,,
Quimsa Santiogo Del Estero,,
SCM Timisoara,,
SCM Universitatea Craiova,,
SKN St. Polten Basketball,,
Samsung Thunders,,
Shanxi Loongs,,
Spar Girona Women,,
Steaua CSM Bucuresti,,
Sydney Flames W,,
Sydney Kings,,
Ulm Basketball,,
Woori WON Women,,
Zaragoza,,
Zhejiang Golden Bulls,,