Oddswar,Tumbet,Confidence
Barra FC,Barra FC SC,100.0
Sao Luiz,Sao Luiz RS,100.0
Monsoon FC,Monsoon FC RS,100.0
Chapecoense,Chapecoense SC,100.0
Figueirense,Figueirense SC,100.0
Hercules CF II,Hercules CF B,100.0
Novo Hamburgo,Novo Hamburgo RS,100.0
Brusque FC,Brusque Sc,100.0
Santa Catarina FC,Santa Catarina SC,100.0
1860 Munich,1860 Münih,100.0
AC Bra,AC BRA,100.0
AC Milan,Milan,100.0
AC Milan U20,AC Milan U20,100.0
AC Monza,Monza,100.0
AC Ospitaletto,Acd Ospitaletto,100.0
ADO Den Haag,Den Haag,100.0
AEK Athens,AEK Athen,100.0
AEK Larnaca,AEK Larnaca,100.0
AFC Amsterdam,Amsterdam FC,100.0
AFC Dunstable,Afc Dunstable,100.0
AFC Fylde,AFC Fylde,100.0
AFC Wimbledon,Wimbledon,100.0
AS Camberene,AS Camberene,100.0
AS Pikine,AS Pikine,100.0
ASD Pineto Calcio,Asd Pineto Calcio,100.0
ASO Chlef,ASO Chlef,100.0
AVS Futebol SAD,Avs Futebol Sad,100.0
AZ Alkmaar,AZ Alkmaar,100.0
AZ Picerno ASD,AZ Picerno,100.0
Aarau,FC Aarau,100.0
Aberdeen,Aberdeen,100.0
Accrington,Accrington Stanley,100.0
Adana Demirspor,Adana Demirspor,100.0
Adelaide United,Adelaide United,100.0
Airdrieonians,Airdrieonians,100.0
Airtel Kitara FC,Airtel Kitara,100.0
Ajax,Ajax,100.0
Al Bataeh,Al Bataeh,100.0
Al Hidd,AL HIDD,100.0
Al Khalidiyah,AL Khalidiyah,100.0
Al Nahdha,Al-Nahda,100.0
Al Nasr U23,AL Nasr U23,100.0
Al Nassr,AL Nassr FC,100.0
Al Sadd,Al-Sadd,100.0
Al Seeb,Al-Seeb,100.0
Al Shabab,Al-Shabab,100.0
Al Shahaniya,Al Shahaniya,100.0
Al Shamal,Al Shamal,100.0
Al-Akhdoud,AL Akhdood,100.0
Al-Hilal,Al Hilal,100.0
Al-Ittihad Kalba,Al Ittihad Kalba,100.0
Al-Jndal,Al Jandal,100.0
Al-Kawkab,AL Kawkab,100.0
Al-Khaleej Saihat,AL Khaleej Saihat,100.0
Al-Muharraq,AL-MUHARRAQ SC,100.0
Al-Qadsia,Al Qadsia,100.0
Al-Rustaq,AL Rustaq,100.0
Al-Saqer FC,Al Saqer Fc,100.0
Al-Shabab,AL-SHABBAB,100.0
Al-Wakra,AL Wakrah,100.0
Alanyaspor,Alanyaspor,100.0
Alaves,Alaves,100.0
Albacete,Albacete Balompie,100.0
Albinoleffe,Albinoleffe,100.0
Alcorcon,Alcorcon,100.0
Aldershot,Aldershot Town,100.0
Alemannia Aachen,Alemannia Aachen,100.0
Alfreton Town,Alfreton Town,100.0
Algeciras,Algeciras CF,100.0
Algeria,Algeria,100.0
Almere City,Almere City,100.0
Almeria,Almeira,100.0
Altrincham,Altringham,100.0
Alvechurch,Alvechurch,100.0
Alverca,FC Alverca,100.0
Amed Sportif Faaliyetle,Amed Sportif Faaliyetler,100.0
America MG U20,America MG U20,100.0
Amiens,Amiens,100.0
Anderlecht,Anderlecht,100.0
Andorra CF,FC Andorra,100.0
Angers,Angers,100.0
Angola,Angola,100.0
Annecy,Annecy FC,100.0
Anstey Nomads,Anstey Nomads,100.0
Antalyaspor,Antalyaspor,100.0
Antequera CF,Antequera,100.0
Antwerp,Royal Antwerp,100.0
Aracatuba FC U20,AE Aracatuba SP U20,100.0
Arba Minch,Arba Minch Kenema,100.0
Arbroath,Arbroath,100.0
Arenteiro,CD Arenteiro,100.0
Arezzo,SS Arezzo,100.0
Argentina,Arjantin,100.0
Argentinos Juniors,Argentinos Juniors,100.0
Arminia Bielefeld,Arminia Bielefeld,100.0
Arnett Gardens FC,Arnett Gardens FC,100.0
Arouca,Arouca,100.0
Arsenal,Arsenal,100.0
Arzignanochiampo,Arzignano Valchiampo,100.0
Ascoli,Ascoli,100.0
Aston Villa,Aston Villa,100.0
Atalanta,Atalanta,100.0
Athletic Bilbao,Athletic Bilbao,100.0
Atletico Baleares,Atletico Baleares,100.0
Atletico Madrid,Atletico Madrid,100.0
Atletico Madrid II,Atletico Madrid B,100.0
Atletico Nacional Medellin,Atletico Nacional,100.0
Atletico Sanluqueno CF,Atletico Sanluqueno CF,100.0
Auckland FC,Auckland FC,100.0
Audace Cerignola,Audace Cerignola,100.0
Augsburg,FC Augsburg,100.0
Aurora,Club Aurora,100.0
Australia,Avustralya,100.0
Australia U23,Avustralya U23,100.0
Austria,Avusturya,100.0
Austria Wien,Austria Vienna,100.0
Auxerre,AJ Auxerre,100.0
Ayutthaya United,Ayutthaya United,100.0
Az Alkmaar,AZ Alkmaar,100.0
BG Pathumthani United,Pathum United,100.0
Bahrain SC,BAHRAIN SC,100.0
Bala Town,Bala Town,100.0
Bali Utd Pusam,Bali United Pusam,100.0
Ballymena,Ballymena,100.0
Bandirmaspor,Bandırmaspor,100.0
Bangkok Utd,Bankok United,100.0
Bangor,Bangor,100.0
Bani Yas U23,Baniyas U23,100.0
Banik Ostrava,FC Banik Ostrava,100.0
Barcelona,Barcelona,100.0
Barnet,Barnet,100.0
Barnsley,Barnsley,100.0
Barra SE U20,Barra FC SC U20,100.0
Barrow,Barrow,100.0
Basaksehir,Başakşehir,100.0
Bastia,Bastia,100.0
Bath City,Bath City,100.0
Bayern Munich,Bayern Münih,100.0
Bedford Town,Bedford Town,100.0
Beitar Jerusalem,Beitar Jerusalem FC,100.0
Bellinzona,AC Bellinzona,100.0
Belouizdad,Belouizdad,100.0
Benevento,Benevento,100.0
Benfica,Benfica,100.0
Benfica B,SL Benfica B,100.0
Benin,Benin,100.0
Beroe Stara Za,Beroe Stara Zagora,100.0
Besiktas,Beşiktaş,100.0
Betis,Betis,100.0
Bhayangkara FC,Bhayangkara,100.0
Biggleswade FC,Biggleswade FC,100.0
Birkirkara,Birkirkara,100.0
Birmingham,Birmingham City,100.0
Blackburn,Blackburn,100.0
Blackpool,Blackpool FC,100.0
Bochum,VfL Bochum,100.0
Bodo Glimt,Bodo Glimt,100.0
Bodrumspor,Bodrumspor,100.0
Bohemians 1905,Bohemians 1905,100.0
Bolivar,Club Bolivar,100.0
Bologna,Bologna,100.0
Boluspor,Boluspor,100.0
Boreham Wood,Boreham Wood,100.0
Boston Utd,Boston United,100.0
Botev Plovdiv,Botev Plovdiv,100.0
Botev Vratsa,BOTEV VRATSA,100.0
Botosani,Botosani,100.0
Botswana,Botsvana,100.0
Boulogne,US Boulogne,100.0
Bournemouth,Bournemouth,100.0
Brackley Town,Brackley Town,100.0
Bradford,Bradford,100.0
Braga,SC Braga,100.0
Braintree,Braintree Town,100.0
Brann,Brann,100.0
Braunschweig,Braunschweig,100.0
Brazil,Brezilya,100.0
Brentford,Brentford,100.0
Brest,Brest,100.0
Brighton,Brighton,100.0
Brisbane Roar,Brisbane Roar,100.0
Bristol City,Bristol City,100.0
Bristol Rovers,Bristol Rovers,100.0
Briton Ferry Llansawel,Briton Ferry,100.0
Bromley,Bromley,100.0
Brondby,Brondby,100.0
Bul FC,Bul FC,100.0
Burgos,Burgos,100.0
Burkina Faso,Burkina Faso,100.0
Burnley,Burnley,100.0
Burton Albion,Burton Albion,100.0
Buxton,Buxton FC,100.0
CA Assisense U20,Ca Assisense Sp U20,100.0
CA Ituzaingo,Ituzaingo,100.0
CA Platense,CA Platense,100.0
CD Castellon,Castellon,100.0
CD Marathon,CD Marathon,100.0
CD Olimpia,CD Olimpia,100.0
CF America,CF America,100.0
CFR Cluj,CFR Cluj,100.0
CS FC Dinamo Bucuresti,Dinamo Bükreş,100.0
CSA Steaua Bucuresti,Steaua Bucuresti,100.0
CSKA 1948 Sofia,CSKA 1948,100.0
CSKA Sofia,PFC CSKA Sofia,100.0
Cadiz,Cadiz,100.0
Cagliari,Cagliari,100.0
Calvary FC,Calvary,100.0
Camboriu,Camboriu,100.0
Cambridge Utd,Cambridge,100.0
Cape Verde,Cape Verde,100.0
Carajas EC U20,Carajas EC PA U20,100.0
Cardiff,Cardiff City,100.0
Cardiff Metropolitan,Cardiff Metropol Üniversitesi,100.0
Carlisle,Carlisle United,100.0
Carlton Town,Carlton Town,100.0
Carrarese,Carrarese,100.0
Carrick Rangers,Carrick Rangers,100.0
Casa Pia,Casa Pia,100.0
Casertana,Casertana,100.0
Catanzaro,Catanzaro,100.0
Ceara SC U20,Ceara CE U20,100.0
Celta Vigo,Celta Vigo,100.0
Celta Vigo B,Celta Vigo B,100.0
Celtic,Celtic,100.0
Central Coast Marin,Central Coast Mariners,100.0
Central Coast Mariners,Central Coast Mariners,100.0
Cercle Brugge,Cercle Brugge,100.0
Cesena,Cesena,100.0
Charleroi,Royal Charleroi,100.0
Charlton,Charlton,100.0
Chatham Town,Chatham Town,100.0
Chaves,GD Chaves,100.0
Chelmsford,Chelmsford City,100.0
Chelsea,Chelsea,100.0
Cheltenham,Cheltenham,100.0
Cherno More,Cherno More Varna,100.0
Chesham Utd,Chesham UTD,100.0
Chester,Chester FC,100.0
Chesterfield,Chesterfield,100.0
Chiangrai Utd,Chiangrai United,100.0
China U23,Çin U23,100.0
Chippenham,Chippenham Town,100.0
Chonburi,Chonburi FC,100.0
Cittadella,Cittadella,100.0
Clermont,Clermont,100.0
Cliftonville,Cliftonville,100.0
Clitheroe FC,Clitheroe FC,100.0
Club Brugge,Club Brugge,100.0
Club Independiente Petro,Independiente Petrolero,100.0
Clyde,Clyde,100.0
Colchester,Colchester United,100.0
Coleraine,Coleraine,100.0
Coleraine (Res),Coleraine (Res.),100.0
Colombia,Kolombiya,100.0
Comercial FC Tiete U20,Comercial FC SP U20,100.0
Como,Como,100.0
Cordoba,Cordoba,100.0
Corinthians,Corinthians SP,100.0
Corinthians U20,Corinthians SP U20,100.0
Corum Belediyespor,Çorum Belediyespor,100.0
Cosenza,Cosenza,100.0
Cottbus,Energie Cottbus,100.0
Cove Rangers,Cove Rangers,100.0
Coventry,Coventry City,100.0
Crawley Town,Crawley Town,100.0
Crotone,Crotone,100.0
Cruz Azul,Cruz Azul,100.0
Cruzeiro MG,Cruzeiro MG,100.0
Cruzeiro U20,Cruzeiro MG U20,100.0
Crystal Palace,Crystal Palace,100.0
Csikszereda,AFK Csikszereda,100.0
Cukaricki,FK Cukaricki,100.0
Curacao,Curaçao,100.0
Curzon Ashton,Curzon Ashton,100.0
DR Congo,DR Congo,100.0
Dakar Sacre Couer,Dakar Sacre Coeur,100.0
Darajani Gogo,Darajani Gogo FC,100.0
Darlington,Darlington,100.0
De Graafschap,De Graafschap,100.0
De Treffers,De Treffers,100.0
Debreceni VSC,Debrecen,100.0
Defence Force FC,Defence Force FC,100.0
Den Bosch,Den Bosch,100.0
Derby,Derby,100.0
Dewa United FC,Dewa United,100.0
Dinamo Bucharest,Dinamo Bükreş,100.0
Dinamo Zagreb,Dinamo Zagreb,100.0
Diosgyori,Diosgyör,100.0
Dobrudzha,DOBRUDZHA DOBRICH,100.0
Doncaster,Doncaster,100.0
Dortmund,Borussia Dortmund,100.0
Duisburg,MSV Duisburg,100.0
Dukla Prague,Dukla Prag,100.0
Dumbarton,Dumbarton,100.0
Dunbeholden FC,Dunbeholden FC,100.0
Dundee,FC Dundee,100.0
Dundee Utd,Dundee United,100.0
Dunfermline,Dunfermline Athletic FC,100.0
Dungannon,Dungannon,100.0
Dunkerque,Dunkerque,100.0
Dynamo Dresden,Dynamo Dresden,100.0
Dynamo Kiev,FC Dynamo Kiev,100.0
EC Noroeste U20,Noroeste SP U20,100.0
ES Ben Aknoun,Ben Aknoun,100.0
ESTAC Troyes,Troyes,100.0
East Fife,East Fife FC,100.0
East Kilbride,East Kilbride,100.0
Eastleigh,Eastleigh,100.0
Ebbsfleet Utd,Ebbsfleed United,100.0
Ecuador,Ekvador,100.0
Edinburgh City,Edinburgh City,100.0
Eibar,Eibar,100.0
Eintracht Frankfurt,Eintracht Frankfurt,100.0
Elche,Elche,100.0
Eldense,CD Eldense,100.0
Elgin City FC,Elgin City,100.0
Elversberg,SV 07 Elversberg,100.0
Emmen,Emmen,100.0
Empoli,Empoli,100.0
Enfield Town,Enfield Town,100.0
Entella,Virtus Entella,100.0
Equatorial Guinea,Ekvator Ginesi,100.0
Equity FC,Equity,100.0
Erzgebirge,Erzgebirge Aue,100.0
Espanyol,Espanyol,100.0
Estoril Praia,Estoril Praia,100.0
Estudiantes,CA Estudiantes,100.0
Ethiopia Nigd Bank,Ethiopia Nigd Bank,100.0
Etoile Carouge,Etoile Carouge FC,100.0
Eupen,KAS Eupen,100.0
Everton,Everton,100.0
Excelsior,Excelsior,100.0
Excelsior Maassluis,Excelsior Maassluis,100.0
Exeter,Exeter City,100.0
Eyupspor,Eyüpspor,100.0
FC Ashdod,FC Ashdod,100.0
FC Basel,Basel,100.0
FC Blau Weiss Linz,FC Blau-Weiß Linz,100.0
FC Cartagena,Cartagena,100.0
FC Copenhagen,Kopenhag,100.0
FC Dordrecht,Dordrecht,100.0
FC Eagles,Eagles,100.0
FC Eindhoven,Eindhoven,100.0
FC Giugliano,FC Giugliano 1928,100.0
FC Groningen,Groningen,100.0
FC Halifax Town,Halifax Town,100.0
FC Heidenheim,Heidenheim,100.0
FC Koln,Köln,100.0
FC Magdeburg,Magdeburg,100.0
FC Metaloglobus Bucuresti,FC Metaloglobus Bucuresti,100.0
FC Midland,Midland,100.0
FC Nordsjaelland,Nordsjaelland,100.0
FC Twente,Twente,100.0
FC Utrecht,Utrecht,100.0
FC Vaduz,Vaduz,100.0
FC Volendam,Volendam,100.0
FC Zurich,Zurich,100.0
FK Backa Topola,Backa Topola,100.0
FK IMT Novi Beograd,IMT Novi Belgrade,100.0
FK Jablonec,FK Jablonec,100.0
FK Novi Pazar,Novi Pazar,100.0
FK Radnicki 1923,Radnicki 1923,100.0
Falkirk,Falkirk,100.0
Famalicao,Famalicao,100.0
Farense,SC Farense,100.0
Farnborough FC,Farnborough Town,100.0
Farul Constanta,Farul Constanta,100.0
Fatih Karagumruk Istanbul,Centone Karagümrük İstanbul,100.0
Feirense,Feirense,100.0
Felgueiras,Felgueiras,100.0
Fenerbahce,Fenerbahçe,100.0
Ferencvaros,Ferencvaros,100.0
Feyenoord,Feyenoord,100.0
Fiorentina,Fiorentina,100.0
Fiorentina U20,ACF Fiorentina U20,100.0
Fjolnir,Fjolnir,100.0
Flamengo,Flamengo RJ,100.0
Fleetwood Town,Fleetwood Town,100.0
Floriana,Floriana FC,100.0
Fluminense,Fluminense RJ,100.0
Forli,Forli,100.0
Fortuna Dusseldorf,Fortuna Düsseldorf,100.0
Fortuna Sittard,Fortuna Sittard,100.0
Francana U20,Francana U20,100.0
France,Fransa,100.0
Francs Borains,Francs Borains,100.0
Freiburg,Freiburg,100.0
Frosinone,Frosinone,100.0
Frosinone Calcio U20,Frosinone Calcio U20,100.0
Fulham,Fulham,100.0
Gabon,Gabon,100.0
Galatasaray,Galatasaray,100.0
Garforth Town,Garforth Town,100.0
Gateshead,Gateshead,100.0
Gaziantep FK,Gaziantep,100.0
Genclerbirligi,Gençlerbirliği,100.0
Genemuiden,Genemuiden,100.0
Genk,Genk,100.0
Genoa,Genoa,100.0
Gent,Gent,100.0
Germany,Almanya,100.0
Getafe,Getafe,100.0
Ghana,Gana,100.0
Giana Erminio,Giana Erminio,100.0
Gil Vicente,Gil Vicente,100.0
Gillingham,Gillingham,100.0
Gimnastic,Gimnastic,100.0
Girona,Girona,100.0
Glenavon,Glenavon,100.0
Glenavon (Res),Glenavon (Res.),100.0
Glentoran,Glentoran,100.0
Gloucester,Gloucester,100.0
Goztepe,Göztepe,100.0
Granada,Granada,100.0
Grasshoppers Zurich,Grasshoppers,100.0
Gremio,Gremio RS,100.0
Grenoble,Grenoble,100.0
Greuther Furth,Greuther Furth,100.0
Grimsby,Grimsby,100.0
Guadalajara,Guadalajara,100.0
Guarani SP U20,Guarani SP U20,100.0
Gubbio,AS Gubbio,100.0
Guimaraes,Guimaraes,100.0
Guingamp,Guingamp,100.0
HNK Gorica,HNK Gorica,100.0
HOEK,Hoek,100.0
HSC'21,HSC 21,100.0
Hacken,Hacken,100.0
Haiti,Haiti,100.0
Hajduk Split,Hajduk Split,100.0
Hajer Club,Hajer Club,100.0
Hamburger SV,Hamburger SV,100.0
Hamilton,Hamilton,100.0
Hamrun Spartans FC,Hamrun Spartans FC,100.0
Hannover,Hannover 96,100.0
Hansa Rostock,Hansa Rostock,100.0
Hapoel Beer Sheva,Hapoel Beer-Sheva,100.0
Hapoel Haifa,Hapoel Haifa FC,100.0
Hapoel Jerusalem,Hapoel Jerusalem,100.0
Hapoel Kfar Saba,Hapoel Kfar Saba FC,100.0
Hapoel Nof HaGalil,Hapoel Nof Hagalil FC,100.0
Hapoel Petach Tikva,Hapoel Petah Tikva FC,100.0
Hapoel Raanana,Hapoel Ra`anana FC,100.0
Hapoel Rishon Lezion,Hapoel Rishon Lezion FC,100.0
Hapoel Tel Aviv,Hapoel Tel Aviv FC,100.0
Haras El Hodood,Haras El Hodood,100.0
Harrogate Town,Harrogate Town,100.0
Hartberg,Hartberg,100.0
Hartlepool,Hartlepool United,100.0
Hatayspor,Hatayspor,100.0
Hearts,Hearts,100.0
Heerenveen,Heerenveen,100.0
Hellas Verona U20,Hellas Verona U20,100.0
Helmond Sport,Helmond Sport,100.0
Heracles,Heracles,100.0
Hereford FC,Hereford,100.0
Hermannstadt,Hermannstadt,100.0
Hertha Berlin,Hertha BSC,100.0
Hibernian,Hibernian,100.0
Hoffenheim,Hoffenheim,100.0
Holstein Kiel,Holstein Kiel,100.0
Hoogeveen,Hzvv Hoogeveen,100.0
Hornchurch,Hornchurch,100.0
Horsham FC,Horsham,100.0
Hradec Kralove,Hradec Kralove,100.0
Huachipato,Huachipato,100.0
Huddersfield,Huddersfield,100.0
Huesca,Huesca,100.0
Hull,Hull,100.0
Ibiza Eivissa,Ibiza Eivissa,100.0
Ind Medellin,Independiente Medellin,100.0
Ingolstadt,FC Ingolstadt,100.0
Inter,İnter,100.0
Inter Club Escaldes,Inter Club de Escaldes,100.0
Inter Milan (Res),Inter Milan,100.0
Inter Milan U20,Inter Milano U20,100.0
Inter de Santa Maria,Inter de Santa Maria,100.0
Internacional,Internacional RS,100.0
Inverness CT,Inverness,100.0
Ipswich,Ipswich,100.0
Iraq U23,Irak U23,100.0
Ironi Modiin,Ironi Modiin,100.0
Ironi Tiberias,Ironi Tiberias,100.0
Istanbulspor,İstanbulspor,100.0
Ivory Coast,Ivory Coast,100.0
Jagiellonia Bialystock,Jagiellonia,100.0
Jahn Regensburg,Jahn Regensburg,100.0
Japan,Japonya,100.0
Japan U23,Japonya U23,100.0
Jeddah Club,Jeddah Club,100.0
Jong AZ Alkmaar,AZ Alkmaar,100.0
Jong Ajax Amsterdam,Genç Ajax Amsterdam,100.0
Jong FC Utrecht,Jong Utrecht,100.0
Jong PSV Eindhoven,Genç Psv Eindhoven,100.0
Juve Stabia,Juve Stabia,100.0
Juventus,Juventus,100.0
Juventus U20,Juventus Turin U20,100.0
KF Drita,KF Drita,100.0
Kabylie,Kabylie,100.0
Kairat Almaty,Kairat,100.0
Kaiserslautern,Kaiserslautern,100.0
Kanchanaburi,SGB Kanchanaburi FC,100.0
Karlsruhe,Karlsruher,100.0
Kasimpasa,Kasımpaşa,100.0
Katwijk,Katwijk,100.0
Kayserispor,Kayserispor,100.0
Kazincbarcika,Kazincbaricika,100.0
Keciorengucu,Keçiörengücü,100.0
Kelty Hearts,Kelty Hearts FC,100.0
Kidderminster,Kidderminster,100.0
Kilmarnock,Kilmarnock,100.0
Kings Lynn,Kings Lynn FC,100.0
Kisvarda,Kisvarda FC,100.0
Kocaelispor,Kocaelispor,100.0
Konyaspor,Konyaspor,100.0
Kortrijk,Kortrijk,100.0
Lamphun Warrior,Lamphun Warrior,100.0
Larne,Larne,100.0
Las Palmas,Las Palmas,100.0
Lausanne,Lausanne,100.0
Laval,Laval,100.0
Lazio,Lazio,100.0
Lazio U20,SS Lazio U20,100.0
Le Havre,Le Havre,100.0
Le Mans,Le Mans UC 72,100.0
Leamington,Leamington,100.0
Leatherhead FC,Leatherhead,100.0
Lecce,Lecce,100.0
Lecce U20,US Lecce U20,100.0
Lecco,Lecco,100.0
Lech Poznan,KKS Lech Poznan,100.0
Leeds,Leeds,100.0
Leganes,Leganes,100.0
Legia Warsaw,Legia Varşova,100.0
Leicester,Leicester,100.0
Leiria,UD Leiria,100.0
Leixoes,Leixoes,100.0
Lens,RC Lens,100.0
Leon,Leon,100.0
Levante,Levante UD,100.0
Leverkusen,Bayer Leverkusen,100.0
Leyton Orient,Leyton Orient,100.0
Lille,Lille,100.0
Lincoln,Lincoln FC,100.0
Linfield,Linfield,100.0
Linfield (Res),Linfield Swifts (Res.),100.0
Liverpool,Liverpool,100.0
Livingston,Livingston,100.0
Livorno,Livorno,100.0
Lokomotiv Plovdiv,PFC Lokomotiv Plovdiv,100.0
Lokomotiv Sofia,Lokomotive Sofia,100.0
Lokomotiva,Lokomotive Sofia,100.0
Lommel,Lommel SK,100.0
Lorient,Lorient,100.0
Ludogorets,Ludogorets Razgrad,100.0
Lugano,Lugano,100.0
Lugo,Lugo,100.0
Lumezzane,Lumezzane,100.0
Lusitania Futebol Clube,Lusitania de Lourosa,100.0
Luton,Luton,100.0
Luzern,Luzern,100.0
Lyon,Lyon,100.0
MB Rouissat,Mb Rouisset,100.0
MC Alger,MC Alger,100.0
MC Oran,MC Oran,100.0
MFK Karvina,MFK Karniva,100.0
MS Kfar Kasem,SC Kfar Qasem,100.0
MTK Budapest,MTK Budapest,100.0
MVV Maastricht,Maastricht,100.0
Macara,CSD Macara,100.0
Macarthur FC,Macarthur,100.0
Maccabi Bnei Raina,Maccabi Bnei Raina,100.0
Maccabi Haifa,Maccabi Haifa,100.0
Maccabi Herzliya,Maccabi Herzelia,100.0
Maccabi Netanya,Maccabi Netanya,100.0
Maccabi Tel Aviv,Maccabi Tel Aviv,100.0
Macclesfield,Macclesfield FC,100.0
Madura Utd,Madura United,100.0
Mainz,FSV Mainz,100.0
Malaga,Malaga CF,100.0
Mali,Mali,100.0
Mallorca,RCD Mallorca,100.0
Malmo FF,Malmö,100.0
Malut United,Malut United,100.0
Mansfield,Mansfield Town,100.0
Mantova,Mantova 1911,100.0
Marbella,Marbella,100.0
Marine FC,Marine FC,100.0
Maritimo,Maritimo,100.0
Marsaxlokk FC,Marsaxlokk,100.0
Marseille,Marsilya,100.0
Matlock Town,Matlock Town,100.0
Melbourne City,Melbourne City FC,100.0
Melbourne Victory,Melbourne Victory,100.0
Merthyr Town,Merthyr Town,100.0
Metz,Metz,100.0
Mgladbach,M'gladbach,100.0
Middlesbrough,Middlesbrough,100.0
Midtjylland,Midtjylland,100.0
Millwall,Millwall,100.0
Mineros de Zacatecas,Mineros Zacatecas,100.0
Mirandes,CD Mirandes,100.0
Mirassol,Mirassol SP,100.0
Mlada Boleslav,Mlada Boleslav,100.0
Modena,Modena,100.0
Monaco,Monaco,100.0
Monopoli,Monopoli,100.0
Montana,Montana 1921,100.0
Montego Bay United,Montego Bay United,100.0
Monterrey,Monterrey,100.0
Montpellier,Montpellier,100.0
Montrose,Montrose,100.0
Monza U20,AC Monza U20,100.0
Morecambe,Morecambe,100.0
Moreirense,Moreirense,100.0
Motherwell,Motherwell,100.0
Mozambique,Mozambik,100.0
Muangthong Utd,Muan Thong United,100.0
NAC Breda,Breda,100.0
NEC FC,Nec Fc,100.0
NEC Nijmegen,Nijmegen,100.0
NK Celje,NK Celje,100.0
NK Istra,NK Istra 1961,100.0
Nacional FC AM U20,Nacional AC SP U20,100.0
Nacional Potosi,CA NACIONAL POTOSI,100.0
Nancy,Nancy,100.0
Nantes,Nantes,100.0
Napoli,Napoli,100.0
Napoli U20,SSC Napoli U20,100.0
Necaxa,Necaxa,100.0
Netherlands,Netherlands (Conde),100.0
Newcastle,Newcastle,100.0
Newcastle Jets,Newcastle Jets,100.0
Newton Aycliffe,Newton Aycliffe,100.0
Nice,Nice,100.0
Nigeria,Nijerya,100.0
Northampton,Northampton,100.0
Norwich,Norwich,100.0
Nottm Forest,Nottingham Forest,100.0
Notts Co,Notts County,100.0
Novara,Novara FC,100.0
Nurnberg,Nürnberg,100.0
Nyiregyhaza,Nyiregyhaza FC,100.0
OFK Beograd,Belgrade,100.0
Oeste U20,Oeste SP U20,100.0
Oliveirense,Oliveirense,100.0
Olympiakos,Olympiacos,100.0
Olympic Charleroi,OC Charleroi,100.0
Olympique Akbou,Olympique Akbou,100.0
Osasuna,CA Osasuna,100.0
Osijek,Osijek,100.0
Otelul Galati,Otelul Galati,100.0
Oud-Heverlee Leuven,Oud-Heverlee Leuven W.,100.0
Ourense CF,Ourense CF,100.0
Oviedo,Real Oviedo,100.0
Oxford City,Oxford City,100.0
Oxford Utd,Oxford United,100.0
PAOK,PAOK,100.0
PEC Zwolle,Zwolle,100.0
PSM Makassar,PSM Makassar,100.0
PSV,PSV,100.0
Pachuca,CF Pachuca,100.0
Pacos Ferreira,Pacos Ferreira,100.0
Paderborn,SC Paderborn,100.0
Padova,Padova,100.0
Pafos FC,Pafos,100.0
Paks,Paksi,100.0
Palermo,Palermo FC,100.0
Panama,Panama,100.0
Panathinaikos,Panathinaikos,100.0
Paradou,Paradou,100.0
Paraguay,Paraguay,100.0
Pardubice,Pardubice,100.0
Parma,Parma,100.0
Partizan Belgrade,Partizan Beograd,100.0
Patro Eisden Maasmechelen,Patro Maasmechelen,100.0
Pau,Pau,100.0
Penafiel,Penafiel,100.0
Pendikspor,Pendikspor,100.0
Pergolettese,US Pergolettese,100.0
Persebaya Surabaya,Persebaya Surabaya,100.0
Persedikab Kediri,Persik Kediri,100.0
Persib Bandung,Persib Bandung,100.0
Persija Jakarta,Persija Jakarta (ISL),100.0
Persijap Jepara,Persijap Jepara,100.0
Persikota Tangerang,Persita Tangerang,100.0
Persis Solo,Persis Solo,100.0
Perth Glory,Perth Glory,100.0
Peru,Peru,100.0
Perugia,Perugia,100.0
Peterborough,Peterborough Utd.,100.0
Peterhead,Peterhead FC,100.0
Pisa,SC Pisa,100.0
Plymouth,Plymouth Argyle,100.0
Plymouth Parkway,Plymouth Argyle,100.0
Ponferradina,SD Ponferradina,100.0
Port Vale,Port Vale,100.0
Portadown,Portadown,100.0
Portadown (Res),Portadown,100.0
Portimonense,Portimonense,100.0
Porto,Porto,100.0
Porto B,FC Porto B,100.0
Portsmouth,Portsmouth,100.0
Potenza,Potenza,100.0
Preussen Munster,SC Preussen 06 Munster,100.0
Pro Vercelli,Pro Vercelli 1892,100.0
Psim Yogyakarta,Psim Yogyakarta,100.0
Puebla,Puebla,100.0
Pumas UNAM,Pumas UNAM,100.0
Puskas Akademia,Puskas Akademia,100.0
QPR,QPR,100.0
Qarabag FK,Karabağ,100.0
Qatar,Katar,100.0
Qatar SC,Qatar SC,100.0
Queen of South,Queen of The South FC,100.0
Queens Park,Queens Park,100.0
Queretaro,Queretaro FC,100.0
RAAL La Louviere,Raal La Louviere,100.0
RB Leipzig,RB Leipzig,100.0
RKC Waalwijk,Waalwijk,100.0
Racing Santander,Racing Santander,100.0
Radnicki Nis,Radnicki Nis,100.0
Radnik Surdulica,Radnik Surdulica,100.0
Rakow Czestochowa,Rakow Czestochowa,100.0
Randers,Randers,100.0
Rapid Bucharest,Rapid Bucuresti 1923,100.0
Rapid Vienna,SK Rapid Vien,100.0
Rapperswil-Jona,FC Rapperswil-Jona,100.0
Ratchaburi,Ratchaburi,100.0
Rayo Vallecano,Rayo Vallecano,100.0
Rayong FC,Rayong FC,100.0
Reading,Reading,100.0
Real Aviles,Real Aviles CF,100.0
Real Madrid,Real Madrid,100.0
Real Murcia,Real Murcia CF,100.0
Real Sociedad,Real Sociedad,100.0
Real Sociedad U21,Real Sociedad U21,100.0
Red Star,Red Star FC,100.0
Reggiana,Reggiana,100.0
Reims,Reims,100.0
Renate,Renate,100.0
Rennes,Rennes,100.0
Rijeka,Rijeka,100.0
Rio Ave,Rio Ave,100.0
Rizespor,Rizespor,100.0
Rochdale,Rochdale,100.0
Roda JC,Roda,100.0
Rodez,Rodez,100.0
Roma,Roma,100.0
Ross Co,Ross County,100.0
Rot-Weiss Essen,Rot-Weiss Essen,100.0
Rotherham,Rotherham,100.0
Runcorn Linnets FC,Runcorn Linnets,100.0
S.S.D. Casarano Calcio,S.S.D. Casarano Calcio,100.0
SC Lokeren-Temse,KSC Lokeren Temse,100.0
SC Telstar,Stormvogels Telstar,100.0
SCR Altach,SCR Altach,100.0
SER Caxias do Sul,SER Caxias do Sul,100.0
SSD Bari,SSC Bari,100.0
SSD Dolomiti Bellunesi,Dolomiti Bellunesi,100.0
SV Darmstadt,Darmstadt,100.0
SV Ried,SV Ried,100.0
Saarbrucken,Saarbrücken,100.0
Sabadell,Sabadell,100.0
Saint George FC,Saint George FC,100.0
Salernitana,US Salernitana,100.0
Salford City,Salfrod City,100.0
Salisbury City,Salisbury FC,100.0
Sambenedettese,Sambenedettese,100.0
Sampdoria,Sampdoria,100.0
Samsunspor,Samsunspor,100.0
San Antonio Bulo Bulo,San Antonio Bulo Bulo,100.0
Santa Clara,Santa Clara,100.0
Santos Laguna,Club Santos Laguna,100.0
Sao Paulo,Sao Paulo SP,100.0
Sassuolo,Sassuolo,100.0
Saudi Arabia,Suudi Arabistan,100.0
Scarborough Athletic,Scarborough Athletic,100.0
Schalke 04,Schalke 04,100.0
Schweinfurt,1. FC Schweinfurt 05,100.0
Scunthorpe,Scunthorpe,100.0
Semen Padang,Semen Padang,100.0
Senegal,Senegal,100.0
Septemvri,FK Septemvri Sofia,100.0
Seraing Utd,RFC Seraing,100.0
Servette,Servette,100.0
Sevilla,Sevilla FC,100.0
Shakhtar,Shakhtar Donetsk,100.0
Shamrock Rovers,Shamrock Rovers,100.0
Sheff Utd,Sheffield United,100.0
Shelbourne,Shelbourne FC,100.0
Shkendija,Shkendija,100.0
Shrewsbury,Shrewsbury Town,100.0
Sigma Olomouc,Sigma Olomouc,100.0
Silkeborg,Silkeborg,100.0
Sint Truiden,ST. Truidense VV,100.0
Sion,Sion,100.0
Siracusa,Siracusa,100.0
Sivasspor,Sivasspor,100.0
Slavia Prague,Slavia Prag,100.0
Slavia Sofia,PFC Slavia Sofia,100.0
Sliema Wanderers FC,Sliema Wanderers,100.0
Sloga Doboj,SLOGA DOBOJ,100.0
Slough Town,Slough Town,100.0
Slovacko,Slovacko,100.0
Slovan Bratislava,Slovan Bratislava,100.0
Smouha,Smouha SC,100.0
Sociedad B,Real Sociedad B,100.0
Solihull Moors,Solihull Moors,100.0
Sonacos,Sonacos,100.0
SonderjyskE,Soenderjyske,100.0
Songkla FC,Songkhla Fc,100.0
Sorrento,Sorrento,100.0
Southampton,Southampton,100.0
Southend,Southend,100.0
Southport,Southport,100.0
Spain,Spain,100.0
Spakenburg,Spakenburg,100.0
Spanish Town Police,Spanish Town Police FC,100.0
Sparta Prague,Sparta Prag,100.0
Sparta Rotterdam,Sparta Rotterdam,100.0
Spartak Varna,FK Spartak 1918 Varna,100.0
Spartans,Spartans,100.0
Spennymoor Town,Spennymoor Town,100.0
Spezia,Spezia,100.0
Sporting Gijon,Sporting Gijon,100.0
Sporting Lisbon,Sporting Lisbon,100.0
Sporting Lisbon B,Sporting Lisbon B,100.0
Sportlust 46,Zsv Sportlust 46,100.0
St Etienne,AS Saint-Etienne,100.0
St Gallen,St. Gallen,100.0
St Johnstone,St Johnstone,100.0
St Mirren,St Mirren,100.0
St Pauli,FC St. Pauli,100.0
Stade Lausanne-Ouchy,Stade Ls Ouchy,100.0
Stade Nyonnais,Stade Nyonnis,100.0
Stenhousemuir,Stenhousemuir,100.0
Stevenage,Stevenage FC,100.0
Stirling,Stirling Albion FC,100.0
Stockport,Stockport County,100.0
Stoke,Stoke City,100.0
Stranraer,Stranraer,100.0
Strasbourg,Strasbourg,100.0
Sturm Graz,Sturm Graz,100.0
Stuttgart,Stuttgart,100.0
Sudan,Sudan,100.0
Sukhothai,Sukhothai FC,100.0
Sunderland,Sunderland AFC,100.0
Sutton Utd,Sutton United,100.0
Swansea,Swansea City,100.0
Swindon,Swindon,100.0
Sydney FC,Sydney FC,100.0
Syria U23,Syria U23,100.0
TSV Havelse,Havelse,100.0
Tamworth FC,Tamworth,100.0
Tanzania,Tanzanya,100.0
Tenerife,Teneriffe,100.0
Teplice,Teplice,100.0
Ternana,Ternana,100.0
Teungueth FC,Teungueth,100.0
Thailand U23,Tayland U23,100.0
The Strongest,The Strongest,100.0
Thun,FC Thun,100.0
Tolima,CD Tolima,100.0
Tonbridge Angels,Tonbridge Angels,100.0
Tondela,Tondela,100.0
Torino,Torino,100.0
Torreense,Torreense,100.0
Tottenham,Tottenham,100.0
Toulouse,Toulouse,100.0
Trabzonspor,Trabzonspor,100.0
Treasure Beach FC,Treasure Beach FC,100.0
Trindade AC U20,Trindade GO U20,100.0
Truro City,Truro City,100.0
Tunisia,Tunus,100.0
UPDF FC,Updf FC,100.0
US Cremonese,Cremonese,100.0
US Goree,US Goree,100.0
US Latina Calcio,US Latina Calcio,100.0
US Ouakam,US Ouakam,100.0
US Pianese,Pianese,100.0
USM Alger,USM Alger,100.0
USM Khenchela,Usm Khenchela,100.0
UTA Arad,UTA Arad,100.0
Udinese,Udinese,100.0
Uganda,Uganda,100.0
Uganda Police,Uganda Police Fc,100.0
Umraniyespor,Ümraniyespor,100.0
Union Berlin,Union Berlin,100.0
Union Brescia,Union Brescia,100.0
Union St Gilloise,Union Saint-Gilloise,100.0
Unirea Slobozia,Fc Unirea 2004 Slobozia,100.0
Univ Catolica (Ecu),CD Univ. Catolica del Ecuador,100.0
Universitatea Craiova,CS Universitatea Craiova,100.0
Uruguay,Uruguay,100.0
Uthai Thani,Uthai Thani FC,100.0
Uzbekistan,Özbekistan,100.0
Uzbekistan U23,Özbekistan U23,100.0
VVV Venlo,Venlo,100.0
Valencia,Valencia,100.0
Valladolid,Valladolid,100.0
Valletta,Valetta,100.0
Vasco da Gama,Vasco da Gama,100.0
Vejle,Vejle,100.0
Venezia,Venezia,100.0
Verl,SC Verl,100.0
Verona,Verona,100.0
VfL Osnabruck,VfL 1899 Osnabruck,100.0
Viborg,Viborg,100.0
Viktoria Koln,Viktoria Cologne,100.0
Villarreal,Villarreal CF,100.0
Villarreal B,Villarreal B,100.0
Vitesse Arnhem,Vitesse,100.0
Vizela,Vizela,100.0
Vojvodina,Vojvodina,100.0
Vukovar,Vukovar 91,100.0
Waasland-Beveren,SK Beveren,100.0
Waldhof Mannheim,SV Waldhof Mannheim 07,100.0
Walsall,Walsall,100.0
Walton & Hersham,Walton and Hersham FC,100.0
Waterhouse FC,Waterhouse FC,100.0
Watford,Watford,100.0
Wealdstone,Wealdstone,100.0
Wellington Phoenix,Wellington Phoenix FC,100.0
Werder Bremen,Werder Bremen,100.0
West Brom,West Bromwich,100.0
West Ham,West Ham United,100.0
Westerlo,VC Westerlo,100.0
Western Sydney Wanderer,Western Sydney,100.0
Western Sydney Wanderers,Western Sydney,100.0
Weston-super-Mare,Weston Super Mare,100.0
Winterthur,Winterthur,100.0
Woking,Woking,100.0
Wolfsburg,VfL Wolfsburg,100.0
Worksop Town,Worksop Town,100.0
Worthing,Worthing,100.0
Wrexham,Wrexham,100.0
Wycombe,Wycombe,100.0
Yarmouk,Yarmouk,100.0
Yellow-Red Mechelen,KV Mechelen,100.0
Yeovil,Yeovil,100.0
York City,York City,100.0
Young Boys,Young Boys,100.0
Ypiranga RS,Ypiranga RS,100.0
Yverdon Sport,Yverdon-Sport FC,100.0
Zalaegerszeg,Zalaegerszeg,100.0
Zambia,Zambiya,100.0
Zamora,Zamora,100.0
Zaragoza,Real Zaragoza,100.0
Zeleznicar Pancevo,Zeleznicar Pancevo,100.0
Zeljeznicar,Zeleznicar Pancevo,100.0
Zimbabwe,Zimbabve,100.0
Zrinjski,Zrinjski Mostar,100.0
Zulte-Waregem,Zulte Waregem,100.0
Al Hamriyah,,
Deportivo Saprissa,,
Nacional SP U20,,
Parma U20,,
Prisons FC,,
Hapoel Kiryat Shmona,,
Gzira United FC,,
Nzoia United FC,,
Atlantico FC,,
Atletico MG,,
Zesco United,,
Kirsehir Belediyespor,,
Aurora FC,,
Al Ain,,
Al Arabi Kuwait,,
Paris FC,,
Pontedera,,
Achuapa FC,,
Ankaraspor,,
FC Juarez,,
Mazatlan FC,,
1461 Trabzon,,
1926 Polatli Belediye Spor,,
3 Sing FC,,
68 Aksaray Belediyespor,,
76 Igdir Belediyespor,,
A.C. Trento S.C.S.D.,,
A.S. Gosier,,
AA Portuguesa S U20,,
AA Portuguesa U20,,
AC Oulu,,
AC Port Of Spain,,
AC Taipei,,
ACS Dumbravita,,
ACS Fotbal Club Bacau,,
ACS Muscelul Campulung Elite,,
ACS Petrolul 52,,
ACS Sepsi OSK,,
AD Centro Olimpico U20 (W),,
AD Ceuta FC,,
AD Municipal Liberia,,
AFC Leopards SC (Kenya),,
AFC Sudbury,,
AFC Telford,,
AFC Totton,,
AGF,,
AL Dhaid U19,,
AL Taawon Buraidah U21,,
AL Wakrah U23,,
AL Wasl U19,,
AS Dakar SC,,
AS Douanes Nouakchott,,
AS Monaco U21,,
AS Pompier,,
AS Roma (W),,
ASA Targu Mures,,
ASC SNIM,,
ASC Walidaan,,
ASD Alcione,,
ASD Camaiore,,
Aalesunds,,
Aali Club,,
Abha,,
Abia Warriors,,
Academia de Balompie Boliviano,,
Academico de Viseu,,
Academico de Viseu U23,,
Adana 1954 FK,,
Adelaide United (W),,
Admira Wacker,,
Agsu,,
Ajman Club,,
Ajman U23,,
Akor FC Jombang,,
Al Adalah U21,,
Al Ahli,,
Al Ahli (BRN),,
Al Ahli (QAT),,
Al Ahli (UAE),,
Al Ahly Cairo,,
Al Ain U19,,
Al Ain U23,,
Al Arabi (JOR),,
Al Arabi (QAT),,
Al Batin,,
Al Budaiya,,
Al Bukayriyah,,
Al Dhafra,,
Al Dhafra U23,,
Al Draih,,
Al Fahaheel FC,,
Al Faisaly ( KSA ),,
Al Faisaly Amman,,
Al Feiha U21,,
Al Fujairah U19,,
Al Gharafa,,
Al Hikma,,
Al Hilal Omdurman,,
Al Hussein SC,,
Al Ittihad (EGY),,
Al Ittihad Kalba U19,,
Al Jabalain,,
Al Jahra,,
Al Jazira,,
Al Jazira Al Hamra,,
Al Jazira U19,,
Al Jazira U23,,
Al Jeel,,
Al Jubail,,
Al Kholood U21,,
Al Merreikh,,
Al Msnaa,,
Al Najma (BRN),,
Al Najma Club,,
Al Nasr (UAE),,
Al Nasr SC U19,,
Al Oruba,,
Al Orubah,,
Al Orubah U21,,
Al Rams U19,,
Al Ramtha,,
Al Rayyan,,
Al Riffa,,
Al Riyadh SC,,
Al Riyadi Al Abassiya,,
Al Sailiya,,
Al Salmiyah,,
Al Salt,,
Al Shahaniya U23,,
Al Sharjah,,
Al Tadhamon,,
Al Taee,,
Al Wahda (Abu Dhabi),,
Al Wahda Abu Dhabi U19,,
Al Wakrah U23,,
Al Wasl,,
Al Wasl U23,,
Al-Adalh,,
Al-Ahli Doha U23,,
Al-Ansar,,
Al-Anwar Club,,
Al-Arabi Al-Saudi,,
Al-Arabi Umm Quwain,,
Al-Baq'a,,
Al-Bourj FC,,
Al-Duhail SC,,
Al-Duhail SC U23,,
Al-Ettifaq,,
Al-Fateh (KSA),,
Al-Feiha,,
Al-Fujairah FC,,
Al-Gharafa SC U23,,
Al-Hazm (KSA),,
Al-Hilal Riyadh U21,,
Al-Ittifaq Maqaba,,
Al-Ittihad,,
Al-Khaboora,,
Al-Kholood Club,,
Al-Lewaa,,
Al-Masry,,
Al-Mudhaibi,,
Al-Nassr Riyadh U21,,
Al-Nojoom,,
Al-Quadisiya (KSA),,
Al-Raed (KSA),,
Al-Sadd,,
Al-Sailiya U23,,
Al-Shabab (KSA),,
Al-Shabbab (BRN),,
Al-Taawoun Buraidah,,
Al-Thaid,,
Al-Ula FC,,
Al-Wahda (KSA),,
Al-Wehdat,,
Al-Zulfi SC,,
Alagoinhas BA U20,,
Albirex Niigata (SIN),,
Alhashemyya,,
Aliaga Futbol AS,,
Alianza FC (SLV),,
Alloa,,
Altay,,
Altinordu,,
Always Ready,,
Amed Sportif Faaliyetler,,
Amman,,
Anderlecht (Res),,
Anderlecht B,,
Ankara Demirspor,,
Ankaragucu,,
Annan,,
Antigua GFC,,
Araz Nakhchivan PFK,,
Arda,,
Arema Cronus,,
Arges Pitesti,,
Aritma Praha,,
Arsenal (W),,
Arsenal U19,,
As Kigali,,
Aston Villa (W),,
Atalanta B,,
Atalanta U20,,
Athletic Bilbao U19,,
Athletico-PR,,
Atlas,,
Atletic Club Escaldes,,
Atletico Madrid (W),,
Atletico PI U20,,
Atletico Paranaense U20,,
Aubagne FC,,
Audax U20,,
Aurora Pro Patria 1919,,
Austria Klagenfurt,,
Austria Wien (A),,
Avai,,
Avranches,,
Ayeyawady United,,
Ayr,,
Bahia,,
Bahir Dar FC,,
Bahla,,
Baku Sporting,,
Balestier Khalsa,,
Balestier Khalsa II,,
Balikesirspor,,
Ballinamallard United,,
Banbury Utd,,
Bandari FC (Kenya),,
Bangkok FC,,
Bangu U20,,
Bani Yas,,
Barcelona (W),,
Barnsley U21,,
Barry Town Utd,,
Barwell,,
Bashundhara Kings,,
Batavia FC,,
Batman Petrolspor,,
Bayelsa United FC,,
Bayern Munich (W),,
Bechem United,,
Beijing Guoan,,
Bekasi City,,
Belediye Derincespor,,
Bench Maji Bunna,,
Benfica U21,,
Benfica U23,,
Beni Mazar,,
Betis Sevilla U19,,
Beykoz Anadolu Spor,,
Beyoglu Yeni Carsi,,
Biesheim,,
Bihar,,
Bihor Oradea,,
Birmingham (W),,
Birmingham U21,,
Bishops Stortford,,
Blackburn U21,,
Blooming Santa Cruz,,
Bnei Sakhnin,,
Bnei Yehuda,,
Bodo/Glimt U19,,
Bodrum Belediyesi Bodrumspor,,
Bolivia,,
Bolton,,
Bombada FC,,
Borac Banja Luka,,
Bourg-en-Bresse,,
Bournemouth U21,,
Bregenz,,
Breidablik,,
Brighton (W),,
Brighton U21,,
Brikama Utd,,
Brisbane Roar FC (W),,
Bristol City U21,,
Bromley U21,,
Brothers Union,,
Bryne,,
Bucaspor,,
Buhimba Saints United,,
Bulancakspor,,
Bulvarspor,,
Bunga Raya FC,,
Buriram Utd,,
Burnley U21,,
Bursa Nilufer 2021 FK,,
Bursa Yildirim Spor,,
Bursaspor,,
CA Batna,,
CA Osasuna II,,
CD Aguila,,
CD Cacahuatique,,
CD Gualberto Villarroel,,
CD Luis Angel Firpo,,
CD Motagua,,
CD Nacional Funchal,,
CDT Real Oruro,,
CE Carroi,,
CE Europa,,
CF Bihorul Beius,,
CS Afumati,,
CS Cartagines,,
CS Constantine,,
CS Gloria 2018 Bistrita-Na,,
CS Tunari,,
CSC 1599 Selimbar,,
CSD Municipal,,
CSM Satu Mare,,
CSM Scolar Resita,,
CSM Slatina,,
Cacereno,,
Caernarfon Town,,
Cafe Sidama,,
Cagliari U20,,
Calcio Avellino SSD,,
Caledonia AIA,,
Cambuur Leeuwarden,,
Cameroon,,
Canaa Esporte Clube U20,,
Canberra United (W),,
Canet Roussillon FC,,
Carpi,,
Cascada SC,,
Cascavel PR U20,,
Catania,,
Cavalier,,
Cavese 1919,,
Ceahlaul,,
Cebrayil FK,,
Central & West DR & SA,,
Central Coast Mariners (W),,
Central FC,,
Ceramica Cleopatra,,
Cerezo Osaka Sakai (W),,
Chapecoense U20,,
Chapelton,,
Charlton U21,,
Chateauroux,,
Chelsea (W),,
Chelsea U21,,
Cheshunt,,
Chesterfield (Res),,
Chindia Targoviste,,
Chorley,,
Cibao FC,,
Citizen AA,,
City FC,,
Club Atletico Pantoja,,
Club Brugge B,,
Club Brugge U19,,
Club Football Estrela,,
Club Independiente Petrolero,,
Colchester United U21,,
Colwyn Bay,,
Comercial FC U20,,
Comoros,,
Concarneau,,
Concordia Chiajna,,
Cong An Nhan Dan,,
Cong an TP HCM U19,,
Connahs Quay,,
Consett,,
Coquimbo Unido,,
Corlu 1947 Spor,,
Coventry City U21,,
Cr Temouchent,,
Crewe,,
Criciuma,,
Criciuma U20,,
Croatia,,
Croix Iris Club,,
Crusaders,,
Crvena Zvezda,,
Cusco FC,,
Customs United,,
Dag and Red,,
Dagon FC,,
Dagon Port FC,,
Daring Brussels,,
Dejan FC,,
Delfines Del Este,,
Deportes Limache,,
Deportivo,,
Deportivo Irapuato FC,,
Deportivo Mictlan,,
Deportivo Mixco,,
Derby (Res),,
Derby U21,,
Dhaka Abahani,,
Dhamk,,
Dhufar,,
Dibba Al Fujairah,,
Dibba Al Fujairah U23,,
Dibba Al-Hisn,,
Dijon,,
Dila Gori,,
Dinamo Minsk U19,,
Dinamo Tbilisi U19,,
Dinamo Tirana,,
Dire Dawa Kima FC,,
Diyarbekirspor,,
Dong Nai U19,,
Doqarah FC,,
Dorking Wanderers,,
Dortmund U19,,
Dover,,
Drenica Skenderaj,,
Dulwich Hamlet,,
Dunajska Streda,,
Durham (W),,
Dynamo Kyiv U19,,
EC Sao Jose Porto Alegre,,
EC Vitoria Salvador,,
ENPPI,,
ES Mostaganem,,
ES Setif,,
ESM Kolea,,
Eastbourne,,
Eastern AA,,
Eastern District SA,,
Edirnespor,,
Egnatia Rrogozhine,,
Egypt,,
El Alameen,,
El Geish,,
El Gounah,,
El Kanemi Warriors,,
Elazigspor,,
Emirates Club,,
England,,
Entebbe FC,,
Entente Feignies Aulnoye FC,,
Erbaaspor,,
Erciyes 38 FSK,,
Erokspor A.S,,
Erzurum BB,,
Esan Pattaya,,
Esbjerg,,
Eskisehirspor,,
Esporte Clube Avenida,,
Esporte Clube de Patos,,
Esporte de Patos U20,,
Estrela U23,,
Etihad Al Ramtha,,
Etimesgut Belediyespor,,
Everton (W),,
Everton U21,,
Exeter City U21,,
Express,,
FC Aragvi Dusheti,,
FC Atlas (W),,
FC Crotone U19,,
FC Guidonia Montecelio 1937,,
FC Holon Yermiyahu,,
FC Hunedoara,,
FC Iberia 1999,,
FC Iberia Tiblisi 1999 II,,
FC Juarez (W),,
FC Kariobangi Sharks,,
FC Koln U19,,
FC Kosice,,
FC Liege,,
FC Lokomotivi Tbilisi,,
FC Maccabi Kiryat Gat Dudu,,
FC Meshakhte Tkibuli,,
FC Midtjylland U19,,
FC Noah,,
FC Nurnberg (W),,
FC Odishi 1919,,
FC Osaka,,
FC Oss,,
FC Real Koyari,,
FC Sabah,,
FC Santa Coloma,,
FC Sellier & Bellot Vlasim,,
FC Talanta,,
FC Telavi,,
FC Utd Manchester,,
FC Voluntari,,
FC Wil,,
FCSB,,
FCSB U19,,
FCV Dender,,
FK Arsenal Tivat,,
FK Bokelj,,
FK Crvena Zvezda U19,,
FK Decic,,
FK Javor Ivanjica,,
FK Mladost Donja Gorica,,
FK Mornar,,
FK Napredak,,
FK Podgorica,,
FK Qabala,,
FK Spartak,,
FK Sumqayit,,
FK Sutjeska,,
Fakirapool Young Men,,
Famalicao U23,,
Fanja,,
Fasil Kenema,,
Fatsa Belediyespor,,
Fayoum FC,,
Ferroviario CE U20,,
Fk Buducnost Podgorica,,
Fk Jedinstvo Bijelo Polje,,
Fk Jezero,,
Fk Velez Mostar,,
Flamengo U20 (W),,
Fleetwood Town U21,,
Fleury Merogis,,
Flint Town United,,
Floridsdorfer AC,,
Foggia,,
Fontenay Vendee,,
Forest Green,,
Forfar,,
Fortis FC Limited,,
Fortune FC,,
Fortune Sacco,,
Fram,,
Freiburg (W),,
Fuji University,,
G-Osaka,,
GD Estoril Praia U23,,
GDL FC,,
GVVV,,
Galata SK,,
Gambia Ports Authority,,
Garudayaksa FC,,
Genk U19,,
Genoa U20,,
Geylang International II,,
Ghazl El Mahallah,,
Gil Vicente U23,,
Giresunspor,,
Go Ahead Eagles,,
Golden Gate SC,,
Gor Mahia FC,,
Gorilla FC,,
Granada (W),,
Grazer AK,,
Gremio Desportivo Sao-Carl,,
Gremio Prudente U20,,
Gremio U20 (W),,
Gresik United,,
Guabira,,
Guanabara City U20,,
Guarany de Bage,,
Gulf United,,
Gyori,,
HJK Helsinki U19,,
HK Rangers U22,,
Hadiah Hosanna FC,,
Hafnarfjordur,,
Hampton and Richmond,,
Hang Yuen FC,,
Hanthawaddy United FC,,
Hanwell,,
Hapoel Afula,,
Hapoel Akko,,
Hapoel Ironi Karmiel,,
Hapoel Kfar Shelem,,
Hapoel Ramat Gan,,
Hapoel Umm Al Fahm,,
Harborough Town,,
Harbour View FC,,
Harrow Borough FC,,
Hart FC,,
Hatta,,
Haverfordwest County,,
Hawassa Kima FC,,
Hearts B,,
Hemel Hempstead,,
Hercules,,
Hibernian U19,,
Hiroshima Regina (W),,
Hoang Anh Gia Lai,,
Hoffenheim (W),,
Hoffenheim II,,
Hoi King SA,,
Hong Kong FC,,
Hong Kong Rangers FC,,
Huddersfield Town U21,,
Hull City U21,,
Hungerford,,
Ikorodu City,,
Imigresen FC,,
Imisli FK,,
Independente EC U20,,
Inegolspor,,
Inkilapspor,,
International Pacific U,,
Ipswich Town U21,,
Iskenderunspor,,
Ismaily,,
Isparta 32 Spor,,
Istres,,
Ituano FC U20,,
JS Saoura,,
Jaalan,,
Jef Utd Chiba,,
Jerash,,
Jerash SC,,
Johor Darul Takzim,,
Joinville,,
Jordan,,
Jorge Wilstermann,,
Junior FC Barranquilla,,
Juventude,,
Juventude U20,,
Juventus B,,
Juventus FC (W),,
Juventus U19,,
Jwaya SC,,
KAA Gent II,,
KCB,,
KF Ferizaj,,
KFC Komarno,,
KFCO Beerschot Wilrijk,,
KS Burreli,,
KSV 1919,,
KaPa,,
Kaedi FC,,
Kahraba Ismailia,,
Kahramanmaras Istiklal Spor,,
Kahramanmarasspor,,
Kakamega Homeboyz,,
Kalba U23,,
Kampala City Council,,
Kapaz Ganja,,
Karabuk Idmanyurdu,,
Karacabey Belediyespor AS,,
Karadeniz Eregli Belediye,,
Karakopru Belediyespor,,
Karaman Belediyespor,,
Karsiyaka,,
Karvan Evlakh,,
Kasem Bundit University,,
Kastamonuspor,,
Katsina United,,
Kaya,,
Kazma SC,,
Kelantan Red Warrior FC,,
Kepez Belediyespor,,
Kettering Town FC,,
Kfarsoum,,
Kibera Black Stars,,
Kilis Bld.Spor,,
Kingstonian,,
Kirikkale Buyuk Anadolusp,,
Kirklarelispor,,
Kitchee SC,,
Kitchee U22,,
Korabi Peshkopi,,
Kowloon City FC,,
KuPS,,
Kuala Lumpur,,
Kuching FA,,
Kucukcekmece Sinop Spor,,
Kun Khalifat FC,,
Kuwait SC,,
Kyoto Sangyo University,,
LD Alajuelense,,
LDU,,
LKP Motor Lublin,,
LR Vicenza Virtus,,
La Horquetta Rangers FC,,
Lask Linz,,
Ld Alajuelense,,
Le Puy,,
Lebanon U23,,
Lee Man Warriors,,
Leek Town FC,,
Leicester City (W),,
Leicester U21,,
Leixoes U23,,
Leonesa,,
Leverkusen U19,,
Leyton Orient U21,,
Lierse,,
Lincoln Red Imps,,
Lincoln United FC,,
Lion City Sailors FC,,
Lion City Sailors II,,
Liverpool (W),,
London City Lionesses,,
Lopburi City FC,,
Luanda Villa FC,,
Lucky Mile,,
Lugazi FC,,
Lusail,,
Luverdense U20,,
Lyon (W),,
Lyon Duchere,,
MC El Bayadh,,
MFK Skalica,,
MK Dons,,
MK Kfar Saba 1928,,
MOFA FC,,
MOIK Baku,,
MS Bnie Jaffa Ortodoxim,,
MS Tamea,,
MSK Zilina U19,,
Ma'an,,
Maccabi Ahi Nazareth,,
Maccabi Haifa U19,,
Maccabi Kabilio Jaffa,,
Maccabi Kiryat Ata-Bialik,,
Mahasarakham Sam Bai Tao FC,,
Maidenhead,,
Maidstone Utd,,
Majd FC,,
Malacateco,,
Malisheva,,
Malkiya,,
Man City,,
Man City (W),,
Man City U19,,
Man Utd,,
Man Utd (W),,
Man Utd U21,,
Manisa FK,,
Mara Sugar FC,,
Marcilio,,
Marcq en Baroeul,,
Marica RJ U20,,
Maritimo U23,,
Maroons FC,,
Masfut,,
Mathare United FC,,
Mazatlan FC(W),,
Mbarara City FC,,
Mebrat Hayl,,
Medina United FC,,
Mekelle 70 Enderta,,
Melaka FC,,
Melbourne City (W),,
Melbourne Victory (W),,
Menemen Belediyespor,,
Mersin Idman Yurdu,,
Metalul Buzau,,
Mexico,,
Migori (Res),,
Millwall U21,,
Ming Chuan University,,
Mladost Lucani,,
Modern Sport FC,,
Mohammedan Dhaka,,
Molynes United FC,,
Mombasa United,,
Montpellier (W),,
Morocco,,
Morton,,
Mosta,,
Mount Pleasant FC,,
Muglaspor,,
Muhanga,,
Muranga Seal,,
Mwatate,,
NEOM Sports Club,,
Nakhon Pathom,,
Nakhon Ratchasima,,
Nam Dinh,,
Nantes U19 FC,,
Napoli Calcio (W),,
National Bank,,
Naxxar Lions,,
Nazilli Belediyespor,,
Nchanga Rangers,,
Neftchi Baku,,
Negele Arsi Ketema,,
Neom SC U21,,
Neuchatel Xamax,,
Newcastle Jets (W),,
Newcastle U21,,
Newcastle United U19,,
Newcastle Utd (W),,
Newport County,,
Niger Tornadoes,,
Niigata University H&W FC,,
Nizwa,,
Nk Posusje,,
Nogoom Masr,,
North District,,
Norwich U21,,
Nottingham Forest U21,,
Nottm Forest (W),,
Nouadhibou,,
Nouakchott Kings,,
Nuovo Campobasso,,
OB,,
OFK Petrovac,,
OLS,,
Olancho,,
Oldham,,
Olimpico Itabaianinha U20,,
Olympic El Qanal,,
Oman FC,,
Omonia,,
Operario Ferroviario EC U20,,
Orense Sporting Club,,
Oriente Petrolero,,
Orleans,,
Oud-Heverlee Leuven (W),,
PDRM,,
PFK Turan Tovuz,,
PS Hizbul Wathan,,
PSBS Biak Numfor,,
PSDS Deli Serdang,,
PSG U21,,
PSID Jombang,,
PSMP Mojokerto,,
PSV Eindhoven U21,,
PWD Sports Club,,
Pachuca (W),,
Pafos U19,,
Paola Hibernians FC,,
Paris 13 Atletico,,
Paris FC (W),,
Paris St-G,,
Paris St-G (W),,
Paris St-G U19,,
Partick,,
Paulinia FC U20,,
Pazarspor,,
Penya Encarnada,,
Penybont FC,,
Peralada,,
Perigny,,
Persebata Lembata,,
Perseden Denpasar,,
Persema Malang,,
Persenga Nganjuk,,
Persepon Ponorogo,,
Perserang Serang,,
Perseta Tulungagung,,
Persibo Bojonegoro,,
Persida Sidoarjo,,
Persik Kediri,,
Persikutim United,,
Persinga Ngawi,,
Persipa Pati,,
Persiraja Banda Aceh,,
Persita Tangerang,,
Perth Glory (W),,
Pesaro,,
Pescara,,
Peterborough Sports FC,,
Petrojet,,
Pharco FC,,
Phrae United,,
Piast Gliwice,,
Plateau United,,
Platense FC,,
Plzen,,
Podbrezova,,
Pohang Steelers,,
Point Fortin FC,,
Poli Iasi,,
Police FC,,
Police Tero,,
Pontivy,,
Port FC,,
Portimonense SC U23,,
Portmore Utd,,
Porto U19,,
Portsmouth (W),,
Posta Rangers,,
Potiguar,,
Prachuap,,
Preston,,
Preston North End U21,,
Prime Bangkok,,
Psbi Blitar,,
Psgc Ciamis,,
Pulau Pinang,,
Pusamania Borneo FC,,
Puskas Akademia FC U19,,
Pyramids,,
Qatar U23,,
Queens Park Rangers U21,,
Queens University,,
Quevilly Rouen,,
RANS Nusantara FC,,
RB Leipzig (W),,
RB Leipzig U21,,
RZ Pellets WAC,,
Racing Beirut,,
Racing Club,,
Racing Genk B,,
Racing United FC,,
Radcliffe Borough,,
Radnik Bijeljina,,
Rahmatganj MFS,,
Railways FC,,
Raith,,
Rakhine Utd,,
Rangers,,
Raon l'Etape,,
Rasi Salai United FC,,
Ravenna,,
Rayon Sports FC,,
Reading U21,,
Real Brasilia FC U20,,
Real De Banjul,,
Real Espana,,
Real Madrid Castilla,,
Real Madrid FC (W),,
Real Madrid U19,,
Real Tomayapo,,
Red Bull Salzburg,,
Redditch United,,
Referencia FC U20,,
Remo,,
Remo Stars,,
Resources Capital FC,,
Retro U20,,
Rio Ave FC U23,,
Rio Branco ES Youth,,
Rivers United FC,,
Roma U20,,
Rouen,,
Royal Thai Air Force Acade,,
Rudar Pljevlja,,
Rudar Prijedor,,
Rutsiro FC,,
Ruzomberok,,
S.L. Benfica (W),,
SA Merignac,,
SC Dimona,,
SC Internacional PA U20 (W),,
SC Kiryat Yam,,
SC Kiyovu,,
SC Uniao Torreense U23,,
SC Villa,,
SE Palmeiras,,
SG Essen-Schonebeck (W),,
SKN St. Polten (W),,
SKU Amstetten,,
SS Virtus Verona 1921,,
SSV Ulm,,
SV Britannia,,
SV Bubali,,
SV La Fama,,
SV River Plate,,
SV Sporting Aruba,,
Sabail,,
Saham,,
Sakaryaspor,,
Salalah SC,,
Salcedo FC,,
Salernitana U19,,
Samma,,
Samut Sakhon City FC,,
Samut Songkhram City,,
San Juan FC,,
San Juan Jabloteh,,
Sang Maestro,,
Sanliurfaspor,,
Santa Clara U23,,
Santa Cruz FC U20,,
Santos U20 (W),,
Sao Paulo U20,,
Sarajevo,,
Sariyer G.K.,,
Sassari Torres,,
Sassuolo U20,,
Satun United FC,,
Scotland,,
Sderot FC,,
Selangor FA,,
Serik Belediyespor,,
Sevilla B,,
Shabab Al Ahli Dubai U19,,
Shabab Al Ahli U23,,
Shabab Al Ordon,,
Shabana,,
Shafa Baku FC,,
Sham Shui Po,,
Shamakhi FK,,
Shatin SA,,
Sheff Utd U21,,
Sheff Wed,,
Sheff Wed U21,,
Siena,,
Sighetu Marmatiei,,
Sila SC,,
Silifke Belediye Spor,,
Silivrispor,,
Silsden AFC,,
Simal FK,,
Singapore (W),,
Sirens FC,,
Siroki Brijeg,,
Sisaket United,,
Sitra,,
Slaven Belupo,,
Slovan Liberec,,
Sochaux,,
Sofapaka,,
Sohar,,
Soke 1970 Spor Kulubu,,
Somaspor Spor Kulubu,,
South Africa,,
South China,,
South Shields,,
Southampton U21,,
Southern District,,
Sparta Prague B,,
Spartak Trnava,,
Sporting Braga U23,,
Sporting CP U21,,
Sporting Cristal,,
Sporting Lisbon U23,,
St Polten,,
St. Patrick F.C.,,
Stade Briochin,,
Stamford,,
Standard,,
Stjarnan,,
Stockport County U21,,
Stoke U21,,
Stuttgart II,,
Sudtirol,,
Suhul Shire,,
Sumset United,,
Sur Club,,
Suvermez Kapadokya Spor,,
Swansea U21,,
Swedru All Blacks FC,,
Swieqi United FC,,
Switzerland,,
Sydney FC (W),,
TPS,,
Tabora United FC,,
Tadamon Sour,,
Taichung Futuro FC,,
Taichung Rock FC,,
Taipower,,
Taiwan Steel,,
Talavera CF,,
Tampines Rovers,,
Tampines Rovers II,,
Tanjong Pagar United II,,
Tarxien Rainbows FC,,
Tatran Presov,,
Tatung FC,,
Team Altamura,,
Team FC,,
Team Rhino FC,,
Techiman Eleven Wonders,,
Tegevajaro Miyazaki,,
Tekstilac Odzaci,,
Tel Bani Swaif,,
Telecom Egypt SC,,
Terengganu,,
Terminix Rangers,,
Ternana (W),,
Thailand (W),,
The New Saints,,
Thitsar Arman FC,,
Tigres,,
Tijuana,,
Tiverton Town,,
Tivoli Gardens,,
Tlaxcala F.C,,
Tobago FC Phoenix,,
Tokushima,,
Toluca,,
Torino U20,,
Torquay,,
Torrent CF,,
Tottenham (W),,
Tractor Sazi FC,,
Tranent Juniors,,
Tranmere,,
Trapani,,
Trencin,,
Triestina,,
Tuna Luso U20,,
Tung Sing,,
Turk Metal 1963,,
Twente (W),,
UAE,,
UD Poblense,,
UE Santa Coloma,,
UM das Cruzes U20,,
UNIVERSIDAD O&M,,
USA,,
Udon Banjan United,,
Uganda Revenue Authority,,
Ujpest,,
Ulinzi Stars,,
Umm Salal,,
Umm-Salal U23,,
Uniao EC Rondonopolis (Res),,
United Arab Emirates U23,,
United FC,,
Univ Catolica (Chile),,
Universitario de Vinto,,
Universitatea Cluj,,
União de Leiria U23,,
Valenciennes,,
Valerenga (W),,
Van Buyuksehir Belediyespor,,
Varazdin,,
Vasco Da Gama,,
Vasco da Gama U20,,
Vega Real,,
Vendee Les Herbiers,,
Versailles 78 FC,,
Vila Nova U20,,
Villarreal CF III,,
Villefranche Beaujolais,,
Vipers SC,,
Vitoria BA U20,,
Vizela U23,,
Vozdovac,,
WSE,,
WSG Wattens,,
Waanal Brothers FC,,
Wadi Degla,,
Watford U21,,
Wehen Wiesbaden,,
Welayta Dicha,,
Wellington Phoenix (W),,
Welwalo Adigrat University,,
Werder Bremen (W),,
West Brom U21,,
West Ham U21,,
West Ham United (W),,
Western Sydney Wanderers (W),,
Wigan,,
Wigan Athletic U21,,
Wikki Tourist,,
Willem II,,
Wofoo Tai Po,,
Wolfsburg (W),,
Wolverhampton Wanderers (W),,
Wolves,,
Wolves U21,,
XV Jau U20,,
XV de Piracicaba U20,,
Xelaju,,
Yadanarbon,,
Yeka Kifle Ketema,,
Yeni Amasyaspor,,
Yesil Yalova FK,,
Young Africans,,
Yuen Long,,
ZED FC,,
Zaglebie Lubin,,
Zamalek,,
Zaqatala,,
Zebbug Rangers FC,,
Zemplin,,
Zilina,,
Zira,,
Zlate Moravce,,
Zlin,,
Zonguldakspor,,
Zurrieq,,