Stoiximan,Oddswar,Confidence
1. FC Heidenheim,FC Heidenheim,100.0
1. FC Union Berlin,Union Berlin,100.0
1. FC Köln (W)
1. FC Köln U19
1. FC Nurnberg
3K FC
12 Bingolspor
1207 Antalyaspor Kadin FK (W)
1923 Mustafakemalpasaspor
4800 Ladies FC (W)
A.O. Nea Ionia F.C.
A.O.M. Asteras Kaisarianis
Aarhus GF U19
AB Barika U20
Aberdeen FC (W)
Abha Club
Abo Qair Semad
ABS FC
AC Barracuda
AC Chievo Verona
AC Gozzano
AC Juvenes/Dogana
AC Leon
AC Libertas
AC Marinhense
AC Mestre
AC Milan (W)
AC Monza U20
AC Ospitaletto
AC Perugia Calcio
AC Perugia Calcio U19
AC Pisa 1909 U19
AC Port of Spain
AC Prato
AC Saluzzo Calcio
AC Seyssinet
AC Sparta Praha II
AC Taipei (W)
AC Tuttocuoio 1957
Academia de Balompié Boliviano
Academia de Fotbal Viitorul Cluj
Academico Murcia U19
Academico Viseu U19
Acassuso
ACD Nardo Calcio
Acd Potyguar Seridoense RN (W)
Aceio FC
ACR Messina
ACS Academica Bals
ACS ARO Muscelul Campulung
ACS Cil Blaj
ACS Inainte Modelu
ACS Kids Tampa Brasov
ACS Medias 2022
ACS Progresul Mogosoaia
ACS Progresul Pecica
ACS Sticla Ariesul Turda
ACS Viitorul Arad
Acv Assen
AD Alcorcon II
AD Marco 09
AD Parla
AD San Clemente
AD Sanjoanense
AD Sanjoanense U19
AD Torrejon
AD Union Adarve
AD Union Adarve U19
Adana 1954 FK
Adanaspor
Addis Ababa Ketema
Addis Ababa Ketema (W)
Addis Ketema SC
Administration Police
AE Larissa
AE Larissa U19
AE Lefkimmi
AE Limassol
AE Zakaki
Aetos Ofryniou
AF Elbasani
AFAD Djekanou
AFC Dunstable
AFC Fylde (W)
AFC Inter Stars Sibiu
AFC Leopards SC
AFC Tubize
Afragolese 1944
Afrique Football Elite
Agia Paraskevi (W)
Agricola Borcea
Aguila Stars
Aguilas FC
Ahudiyannem Queens (W)
Aias Salamina
Aifk Turku
Aigaleo
AJ Auxerre (W)
AJ Auxerre II
AJ Soccer Academy
Ajel de Rufisque
Ajman Club
Akaki Kality FC
Akritas Chloraka
Akrites Sykeon
Akwa United FC
Al Ahed FC
Al Ahli Jordan
Al Ain FC
AL Ain FC U23
Al Ain U21
Al Arabi Al Saudi
Al Arabi Doha
Al Arabi Irbid
Al Bukiryah U21
Al Etisalat
Al Ettifaq U21
Al Faisaly II
Al Fateh U21
Al Fujairah SC
Al Gharafa
Al Hala
Al Hamriyah
Al Hashd Al Shade
Al Hikma
Al Hilal Riyadh U21
Al Hussein Irbid U19
Al Isteklal (W)
Al Ittifaq FC
Al Ittifaq Maqaba
Al Ittihad Kalba U23
AL Jabalain U21
Al Jandal
Al Jazira
Al Jazira U21
Al Jubail
Al Kawkab
Al Khaleej Saihat U21
Al Kharitiyath
Al Mabarrah
Al Markhiya
Al Masafi
AL Masry (W)
AL Mokawloon AL Arab (W)
Al Mudhaibi
Al Nahda Al-Buraimi
Al Nasiriya
Al Nasr Salalah
Al Nejmeh
AL Orobah U21
Al Orooba U21
Al Orthodoxi (W)
Al Raed U21
Al Ramadi
Al Rayan
Al Salt
Al Shabab
Al Sharjah U21
AL Tadamon Sour
Al Tadamun Buri
Al Ula
Al Waab
Al Wahda (Oman)
Al Wakrah Sports Club
Al Wasl U21
Al Wehdat SC
Al Wehdat SC II
Al Zulfi
Al-Adalah FC
Al-Ahli Doha
Al-Batin FC
Al-Bourj
Al-Hazem SC U21
Al-Hilal Omdurman
Al-Jazeera Amman
Al-Khaboora
Al-Khor
Al-Musannah SC
Al-Nassr FC
Al-Qadsiah FC U21
Al-Wehda FC
Al-Wehda FC U19
Alanya Kestelspor
Alanyaspor U19
Albacete Balompie II
Alcione Milano U19
Alhama CF (W)
Aliaga Bld.Spor
Alianca/Goias (W) U20
Alianza San Salvador II
All Stars WFC (W)
Almere City FC II
Alondras CF
Alpha FC
Altinordu
Aluminium Arak FC
Alverca II
Alverca U19
Amagaju
Amarante
Amasyaspor 1968 FK
Amed SK (W)
Amedspor
Americano RJ U20
Amiens SC II
Amitie FC
Amsterdamsche FC
Anadia FC
Anadia U19
Anadolu University
Anagennisi Arta
Anagennisi Karditsa
Anagennisi Karditsa U19
Anagennisi Schimatariou
Andorra CF
Angkor Tiger
Ankara Demirspor
Anorthosis Famagusta
Antalyaspor U19
Antequera FC
Anthoupoli Larisas
Antigua GFC II
AO Amarinthiakos
AO Ayia Napa
AO Karystou
AO REA (W)
Aparecida FC
Apea Akrotiriou
APOEL Nicosia
Apollon Kalithion
Apollon Limassol
APR
APR (W)
APS Bomet
AR Sao Martinho
Aragvi Dusheti
Arba
Arba Minch (W)
Arba Minch Kenema
Ards FC
Arenas Armilla CD
Arenas Armilla CD U19
Arezzo U19
Argentino Merlo
Ario Eslamshahr
Aris Filiaton
Aris Limassol
Aris Petroupoli
Aris Thessaloniki U19
Arnavutköy Belediye Spor
Arosa SC
Arosa SC U19
Artsul U20
Artvin Hopaspor
AS Agareb
AS Ariana
AS Bakaridjan
AS Beauvais
AS Camberene
AS Cannes
AS Cittadella U19
AS Dakar Sacre Coeur
AS Deauville-Trouville
AS Douanes
AS Douanes Nouakchott
AS FC Pucioasa
AS Jelma
AS Kaffrine
AS Kasserine
AS Khroub
AS Kigali
AS Kigali (W)
AS Korofina
AS Livorno U19
AS Megrine
AS Muhanga
AS Nordia Jerusalem
AS Nordia Jerusalem U19
AS Ostia Mare Lidocalcio U19
AS Pikine
AS Police Niamey
AS Real Bamako
AS Saint Etienne (W)
AS Vointa Crevedia
Asante Kotoko
ASC Gendrim
ASC Jaraaf
ASC Olimpic Zarnesti
ASC Otelul Galati II
ASC Police
ASC Snim
ASC Tevragh-Zeina
Ascoli Calcio 1898 U19
Ascot United (W)
ASD Anzio Calcio 1924 U19
ASD Calcio Brusaporto
ASD Ferrandina
ASD Flaminia Civita Castellana
Asd Torres Calcio
Asd Trastevere (W)
ASD Victor San Marino
ASFA Yennega
Asg Nocerina
Ashanti Gold FC
Ashton Utd
ASIL Lysi
ASKO de Kara
ASM Belfortaine
ASM Oran
Aso Chlef
Aspor FC
Assam Police
Asteras Tripolis
Asteras Tripolis II
Asti Calcio
Asubo Gafford (W)
Aswan FC
Asyut Petroleum
At Malveira
Atalanta U20
Atalanta U23
Atherton Collieries
Athletic Bilbao (W)
Athletic Bilbao (W) C
Athletic Bilbao II
Athletic Carpi U19
Atletic Club Escaldes
Atletico Antoniano
Atletico Arteixo
Atletico Astorga FC
Atletico Bembibre
Atletico Coruna Montaneros CF
Atletico Cp
Atletico Lodigiani
Atletico Lodigiani U19
Atletico Madrid (W) C
Atletico Madrid C
Atletico Madrid U19
Atletico Mancha Real
Atletico Onubense
Atletico Rio Negro RR (W)
Atletico Santa Cruz
Atletico Vega Real
Atletico Vianes
Atromitos Athinon
Atromitos Athinon U19
Atsalenios
Aubervilliers
Auckland City
Aurora FC (GUA)
Aurora Pro Patria 1919 U19
AUSF Assa Zag (W)
Aveley FC
Avellino U19
Aversa Normanna
Aviles Stadium CF
Avondale United
Ayvalikgucu
Azm Rovers
B19 FC
Baalor Sarr
Bahir Dar Kenema
Bahir Dar Ketema (W)
Bahla Club
Bahrain U23
Baku Sporting FC
Bala Azul
Bali United U20
Balzan
Bamber Bridge
Banbury United
Bandari
Bangladesh Police Club
Banjul United
Bankhai United
Barakaldo CF
Barberian FC
Bari U19
Barletta 1922
Barnsley Women's FC (W)
Barry Town FC
Basake Holy Stars
Bashundhara Kings
Bassin d'Arcachon
Bayelsa Queen FC (W)
Bayer 04 Leverkusen U19
Baynounah SC
Bedfont Sports
Beira Mar SC
Beitar Haifa Yaacov
Beitar Jerusalem U19
Beitar Kfar Saba Shlomi
Beitar Ness Toubruk U19
Beitar Petah Tikva
Beitar Tel Aviv Bat Yam
Belenenses SAD U19
Bendel Insurance
Benevento Calcio U19
Benfica Castelo Branco
Bergantiños FC
Besat Kermanshah
Besiktas JK U19
Beti Kozkor KE
Beykoz Anadolu
Beykoz Ishakli
Beyoglu Yeni Carsi AS U19
Beyoglu Yeni Carsi FK
BFB Pattaya City
Bhayangkara FC U20
Bidco United
Biellese
Biesheim Asc
Big Bullets
Bigman
Bilbao Artizarrak (W)
Billericay Town
Binga FC
Birkirkara FC
Birmingham (W)
Birzebbuga Saint Peters
Bishoftu Ketema
Blackburn Rovers (W)
Blagnac
Blois Foot 41
Blue Waters FC
Bnei HaGolan VeHaGalil
Bnei Maghar
Bnei Yehuda Tel Aviv U19
Boavista Porto U19
Boca Juniors II
Boditi Ketema
Bognor Regis Town
Bole Sub City (W)
Bollullos CF
Bologna FC (W)
Bologna FC U20
Bolton Wanderers
Borneo Samarinda U20
Boston City U20
Bouchamma
Bouhajla
Boukhadra U20
Bourges Foot
Bousalem
Bradford Park Avenue
Breno
Brentwood Town
Brighouse Town
Brightlingsea Regent
Brighton & Hove Albion U21
Brisbane Strikers
Brisbane Strikers U23
Bristol City (W)
Bristol Rovers (W)
Bromsgrove Sporting
BSC Young Boys (W)
Bucaspor
Buckley Town
Budoni
Bugesera
Bugesera WFC (W)
Bul FC
Bulancakspor
Bullom Stars
Bulvarspor
Bumamuru
Burapha United
Burayu FC
Burgos CF Promesas
Burgos CF U19
Bursa Nilufer
Bursaspor
Bursaspor U19
Bury AFC
Busaiteen Club
Bvv Barendrecht
CA Belgrano (W)
CA Osasuna (W)
Cacereno (W) II
Cadiz CF II
Caerau Ely FC
Caernarfon Town
Caersws FC
Calasanz de Soria
Calcio Atletico Ascoli
Calcio Chieti
Caldas SC
Caledonian Braves FC
Calvi Noale
Cambrian United
Cambridge City
Cambuur Leeuwarden U21
Campodarsego Calcio
Canet Roussillon
Cankaya FK
Cardiff Draconians
Carmarthen Town AFC
Carrarese Calcio U19
Carrick Rangers
Castanet
Catanzaro U19
Caudal Deportivo
Cavese U19
Cayelispor
Cayon
CD Alcoyano
CD Alfaro
CD Alhaurino
CD Aoiz
CD Atletico Baleares
CD Atletico Mansilles
CD Aurrera de Vitoria
CD Azuaga
CD Azuqueca
CD Badajoz
CD Badajoz U19
CD Barco
CD Basconia
CD Becerril
CD Belchite 97
CD Berceo
CD Beti Onak
CD Boiro
CD Calamonte
CD Cardassar
CD Castellon II
CD Castellon U19
CD Cazalegas
CD Cieza
CD Ciudad de Lucena
CD Colegios Diocesanos
CD Colegios Diocesanos U19
CD Colunga
CD Coria
CD Covadonga
CD de Fatima
CD Derio
CD Diocesano
CD Don Benito
CD Ebro
CD Eldense
CD Estepona FS
CD Extremadura
CD Feirense (W)
CD Galapagar
CD Getafe (W) II
CD Gevora
CD Guadalajara
CD Huarte
CD Huetor Tajar
CD Huetor Vega
CD Ibiza Islas Pitiusas
CD Illescas
CD Izarra
CD La Almunia
CD La Virgen del Camino
CD Lagun Onak
CD Laguna de Duero
CD Lealtad
CD Leganes II
CD Llosetense
CD Lugo
CD Lugo U19
CD Mafra
CD Mafra U19
CD Marathon
CD Marchamalo
CD Minera
CD Mirandes II
CD Montanas Del Pas
CD Mosconia
CD Mosquito U19
CD Mostoles URJC
CD Numancia
CD Oberena U19
CD Olimpia II
CD Olimpico de Leon (W)
CD Pamplona
CD Quintanar del Rey
CD Robres
CD Roda U19
CD Santanyi
CD Son Cladera
CD Sonseca
CD Subiza
CD Teruel
CD Toledo
CD Torreperogil
CD Tropezon
CD Tudelano
CD Utrera
CD Varea
CD Villacanas
CD Villegas U19
CDA Navalcarnero
CE Andratx
CE Atletic Lleida
CE Atletic Setif (W)
CE Carroi
CE Constancia
CE Europa
CE Europa (W)
CE Europa II
CE L'Hospitalet
CE Sabadell FC
Cece United
Celta de Vigo (W) II
Celtic FC (W)
Celtiga FC
Central University of Technology (W)
Cercle Brugge KSV II
Cerdanyola del Vallès FC
Cesena (W)
Cetatea Turnu Magurele
CF Algeciras
CF Ardoi FE
CF Badalona
CF Benfica (W)
CF Benidorm
CF Ciudad Cooperativa
CF Epila
CF Fuenlabrada
CF Intercity
CF Jaraiz
CF Jove Espanol San Vicente U19
CF La Solana
CF Lorca Deportiva
CF Montañesa
CF Noia
CF Os Marialvas
CF Pozuelo de Alarcón
CF Rayo Majadahonda
CF San Jorge de Alor
CF Talavera de La Reina
CF Trival Valderas Alcorcon U19
CF Vilanova I LA Geltru
CFCI Mumbai Super Division
Cffeb
CFI Alicante
Chaidari AO
Chainat FC
Chalkanoras Dali
Chania
Chanthaburi
Charlton (W)
Cheadle Town Stingers (W)
Chemal FC
Chiangmai United
Chichester City Utd
Chipukizi FC
Chitipa United
Cienfuegos
Cinfaes
Citizen AA (W)
Citta di Fasano
Citta di Varese
Cittadella Vis Modena
City Abuja FC
City Boys FC
Civil Service Strollers FC
CIVO United
Cjarlins Muzane
Club Aurora
Club Aurora U19
Club Bizkerre (W)
Club Brugge II
Club Brugge KV (W)
Club Haro Deportivo
Club Juventud Cambados
Club Milano SSD
Club Omnisports de Korhogo
Club S Hammam-Lif
Clube Oriental de Lisboa
Clydebank FC
Coban Imperial II
Coleshill Town
Colley Stars
Colmar
Colombe du Dja et Lobo
Colomiers
Colonia Moscardo
Colwyn Bay
Comillas CF
Commercial Bank Ethiopia FC (W)
Compostela U19
Cong An Ha Noi
Cordoba CF II
Cordoba CF SAD (W)
Cordoba U19
Coria CF
Corinthians (W) U20
Corinthians SP (W)
Coruxo FC
Cosenza Calcio U19
Cote Dor FC
CP Cheles
CR Belouizdad U20
Cray Valley
Cray Wanderers
Creck Sporting
Criciuma EC (W) U20
Crossing Schaerbeek
Crystal Palace (W)
CS Agigea
CS Blejoi
CS Chebba
CS Crisul Santandrei
CS Entite Manageoise
CS Korba
CS Lotus Baile Felix
CS Minaur Baia Mare
CS Msaken
CS Paulesti
CS Sporting Liesti
CS Stiinta Miroslava
CS Timisul Sag
CS Trevigliese 1907
CSD Comunicaciones II
CSD Municipal II
CSL Nanov
CSL Stefanesti
CSM Alexandria
CSM Ramnicu Sarat
CSM Resita
Csm Sacele
CSM Unirea Alba Iulia
CSO Baicoi
CSO Plopeni
CSO Tricolorul Breaza
Cumbernauld Colts
Customs United FC
Damaiense (W)
Damash Gilan FC
Damissa
Damm U19
Danok Bat CF U19
Darajani Gogo
Darlaston Town
Dartford FC
DBI
De Graafschap U21
Defence Force SC
Delta Queens (W)
Deportivo Alaves (W)
Deportivo Alaves II
Deportivo Aragon
Deportivo Armenio
Deportivo La Coruna (W)
Deportivo Malacateco
Derby County (W)
Dewa United FC U20
Dhaka Abahani LTD
Dhofar
Diagoras
Diamond Stars
Diegem Sport
Diepkloof FC (W)
Differdange FC 03 (W)
Digenis Akritas Morphou
Dijon FCO (W)
Diosgyori Vtk
Dire Dawa Kenema
Diyarbakir FK AS
Djoliba AC
Doma United FC
Don Bosco FA
Double Flower FA
Doxa Drama
Doxa Katokopia
Dreams FC
Dubai United FC
Dubocica
Dudullu (W)
Dulwich Hamlet
Dunarea Giurgiu
Dundee FC
Durham (W)
DUX Logrono (W)
Duzcespor
EA Guingamp II
Earth Angels FC (W)
East Bengal (W)
EFB Pinatar U19
Efeler 09 Sfk
EFM Concello de Boiro (W)
EI San Martin
Eibar (W) II
Eintracht Frankfurt (W)
Ejoheza
Ekhaya FC
El Gancho CF (W)
El Merriekh Bentiu
El Palmar CF
El Palo FC
El Qanah
El-Entag El-Harby
Elche CF II
Elche CF U19
Electrico FC
Eleven Arrows
Elite (W)
Elmina Sharks
EM Mahdia
Emirates Club U21
Empoli U19
Enosi Neon Ypsona
Enosis Neon Paralimni
Enppi Club (W)
Entente Feignies Aulnoye
Entente II
Enugu Rangers International
Enyimba
Epicentr Dunaivtsi
Equity FC
Erbaaspor
Erciyes 38
Erokspor U19
ES Ben Aknoun
ES Ben Aknoun U20
ES Bouakal U20
ES Hammam Sousse
ES Mostaganem
ES Setif
ES Wasquehal
Esenler Erokspor
Esf Bir El Ater
Eskisehirspor
Esperanca D'Andorra
Esperance
Espoir FC
Este
Esteghlal Tehran
Etehad Alreef
Ethad Besion (W)
Ethio Electric SC (W)
Ethiopian Medhin
Ethnikos Achna
Ethnikos Latsion
Ethnikos Piraeus
Etimesgut Bld Spor
Etincelles
Etoile de L Est
Etoile Filante
Etoile Frejus Saint-Raphael
Evesham United
Excelsior Barendrecht (W)
Excelsior Maassluis
Exeter City (W)
Eyupspor U19
Fakirapool Young Mens Club
Falconets FC (W)
Fanja
Fatih Karagumrukspor U19
FBC Gravina
FC 93 Bobigny BG
FC Alpendorada
FC Ashdod U19
FC Badalona (W)
FC Beitar Yavne
FC Bidezarra
FC Borgo
FC Carl Zeiss Jena (W)
FC Cartagena II
FC Challans
FC Como (W)
FC Copenhagen U19
FC Crotone U19
FC Diarra
FC Domagnano
FC Famalicao (W)
FC Famalicao U19
FC Fard
FC Fiorentino
FC Gareji
FC Girondins Bordeaux
FC Guantánamo
FC Gyori Eto U19
FC Holon Yirmiyahu
FC Iberia 1999 Tbilisi
FC Iberia 1999 Tbilisi II
FC Istres
FC Kafr Qasim
FC Kaohsiung
FC Karpaty Lviv
FC Kfar Saba
FC La Union Atletico
FC Lokomotiv 1929 Sofia
FC Lorient II
FC Lumezzane (W)
FC Maan
FC Mali Coura
FC Mashad
FC Mouna
FC Nania
FC Nantes (W)
FC Nantes U19
FC Nouadhibou
FC Oleksandriya
FC Pacos Ferreira U19
FC Pompei
FC Porto (W)
FC Prishtina
FC Rapperswil-Jona (W)
FC Rijnvogels
FC Rijnvogels (W)
FC Robo (W)
FC Rouen Plateau Est (W)
FC Samartex
FC Santa Coloma
FC Santfeliuenc
FC Santiago de Cuba
FC Serpa
FC Soimii Gura Humorului
FC Spaeri
FC Tirsense
FC Tzeirey Tira
FC Tzofi Haifa
FC Versailles 78 II
FC Villa Clara
FC Vion Zlate Moravce
FC Vitosha Bistritsa
FC Vizela U19
FC Voluntari II
FC Wagadou
FC Zorya Luhansk
FCB Frenda
FCSB II
FE Grama
Fehervar FC U19
Felixstowe & Walton United
Fenerbahce SK (W)
Ferencvarosi TC U19
Ferroviaria (W) U20
Fethiyespor
Feyenoord U21
Fgura United FC
Fiorentina FC (W)
First Vienna FC 1894
FK Bokelj Kotor
FK Borac Cacak
FK Decic Tuzi
FK Detonit Plackovica
FK Dinamo Jug
FK Fap
FK Flamurtari Vlore
FK Graficar Beograd
FK Iskra Danilovgrad
FK Kabel Novi Sad
FK Kudrivka
FK Kukesi
FK Macva Sabac
FK Novi Pazar
FK Otrant-Olympic Ulcinj
FK Partizani Tirana
FK Skenderbeu Korce
FK Skopje
FK Smederevo
FK Vojvodina Novi Sad
FK Zaqatala
FK Zemun
Flackwell Heath
Flambeau du Centre
Flamengo RJ (W) U20
Fleury 91 (W)
Flint Town United
Florgrade FC
Floriana FC
Fluminense RJ (W) U20
Fluminense RJ U20
Fn Rangers
Folgore Caratese
Folkestone Invicta
Follonica Gavorrano
Fomget Genclick Ve Spor (W)
Formartine United
Fortis FC Limited
Forver FC (W)
Fraserburgh
Frauenteam Thun Berner Oberland (W)
Freedom FC (W)
Frome Town
Frosinone U20
Fu Jen Catholic University FC
Fuenlabrada Atlantis (W)
Fursan Hispania FC
Futera United
Gadna Tel Aviv U19
Gainsborough Trinity
Galata SK
Galatasaray SK (W)
Galatasaray SK U19
Gallia Lucciana
Gamba Osaka
Gamo Chencha
Gardnersville FC
Gasogi United
Gazelec Ajaccio
GD Alcochetense
GD Braganca
GD Chaves II
GD Chaves U19
GD Lagoa
GD Peniche
GD Resende
GD Samora Correira
Geita Gold
Generation Foot
Genoa CFC (W)
Getafe CF (W)
Getafe CF II
Getafe CF U19
Gicumbi
Gil Vicente FC (W)
Gil Vicente FC U19
Gimnastic Tarragona U19
Gimnastica de Torrelavega
Gimnastica Segoviana CF
Giresunspor
Girona FC II
Giulianova Calcio 1924
Gjilani
Glasgow City LFC (W)
GNK Dinamo Zagreb U19
Golden Dream
Gondomar U19
Gor Mahia
Gorilla FC
Gorleston
Gouveia
Gran Pena FC
Granada CF II
Granada CF U19
Grand Ouest Association Lyonnaise FC
Grasse
Green Valley
Gresford Athletic
Grimsby Borough
Groningen (W)
Gubbio 1910
Gucha Stars FC
Gudja United
Guediawaye FC
Guiseley AFC
Gulf United FC U21
Gunjur United
Gunners
Guzide Gebzespor
GVVV
Gwalia United FC (W)
Gzira United FC
H&W Welders
Hakkarigucu Spor (W)
Hakoach Maccabi Amidar Ramat Gan U19
Halaba Ketema
Hamburger SV (W)
Hamilton Academical (W)
Hang Yuen (W)
Hannan University
Hapoel Acre U19
Hapoel Afula U19
Hapoel Azor
Hapoel Beer Sheva U19
Hapoel Beit Shean Mesilot
Hapoel Bnei Ashdod
Hapoel Bnei Biina
Hapoel Bnei Jdaidie Makr
Hapoel Daliyat Al Karmel
Hapoel Hadera
Hapoel Hadera U19
Hapoel Haifa U19
Hapoel Herzelia FC
Hapoel Hod Hasharon Irony
Hapoel Ihud Bnei Jatt
Hapoel Ironi Arraba
Hapoel Ironi Hod Hasharon U19
Hapoel Ironi Karmiel
Hapoel Ironi Kiryat Shmona U19
Hapoel Irony Nir Ramat Hasharon
Hapoel Irony Nir Ramat Hasharon U19
Hapoel Jerusalem U19
Hapoel Kfar Qasm Shuaa
Hapoel Kfar Saba U19
Hapoel Kfar Shalem
Hapoel Kfar Shalem U19
Hapoel Marmorek
Hapoel Marmorek U19
Hapoel Migdal Haemeq
Hapoel Nof HaGalil
Hapoel Nof HaGalil U19
Hapoel Petah Tikva U19
Hapoel Raanana
Hapoel Raanana U19
Hapoel Ramat Gan
Hapoel Ramat Gan U19
Hapoel Ramot Menashe Megido
Hapoel Rishon Letzion
Hapoel Rishon Lezion U19
Hapoel Tel Aviv U19
Hapoel Tirat HaCarmel
Hapoel Um Al Fahm
Hapoel Um Al Fahm U19
Harar FC
Hashtag United
Hausing FC
Havadar SC
Hawassa Ketema (W)
Heart of Midlothian FC II
Hearts (W)
Hearts of Oak
Heaton Stannington
Hebar Pazardzhik
Hednesford Town
Heerenveen (W)
Hekimoglu Trabzon
Hereford United
HHC Hardenberg
Hibernian (W)
Hibernians (W)
Hibernians FC Paola
Hitchin Town
HLM
HNK Gorica U19
HNK Rijeka U19
HNK Sibenik U19
Home Stars FC
Hong Kong FC (W)
Horse Owners Club
Hottain
Houtvenne
Hsc'21
Hua Hin City
Hualien FC (W)
Hyeres
Ibri
Igea Virtus
Ihud Bnei Baqa
Ijsselmeervogels
Ilioupoli
Ilisiakos FC
Ilkeston Town
Imolese Calcio
IMT Novi Beograd
Inchicore Athletic
Indeni
Independiente del Valle
Independiente Del Valle U20
Indonesia U22
Industria
Inegol Kafkas Genclikspor
Inkilap FSK
Institute FC
Intare FC
Inter Allies FC
Inter Miami CF Academy
Inter Milan (W)
Inter Milan II
Inter Moengotapoe
Inter Taoyuan FC
Inter Willemstad
Inyemera (W)
Ionikos
Iraklis Gerolakkos
Iraq U23
IRB Sedrata U20
Iris Club de Croix
Ironi Ashkelon
Ironi Beit Dagan
Ironi Beit Shemesh
Ironi Modiin
Ironi Nesher
Ischia
Isidro Metapan II
Isparta 32 Spor
Istanbul Basaksehir U19
Istanbulspor U19
Jaalan
Jb Ain Kercha
Jeanne D'Arc de Drancy
Jedinstvo UB
Jerez CF
Jerusalem FC
Jezero Plav
Jianlibao (W)
JKU FC
Johor Darul Takzim
Jomo Cosmos
JS Bordj Menail U20
JS El Biar U20
JS Saoura
JS Tixeraine U20
Jsm Bejaia
Jubilee FC
Julinho Sporting
Junguni
Juveforce Adc Ponte Vagos (W)
Juventud Torremolinos CF
Juventude Desportiva Lajense
Juventude Evora
Juventus FC U23
K Rupel Boom FC
Kabati Youth
Kabin United
Kabwe Warriors
Kagera Sugar
Kahramanmarasspor
Kahramanmarasspor Istiklal
Kakamega Homeboyz
Kalamata
Kalina Rangers CFF
Kallithea
Kamboi Eagles
Kamonyi
Kamonyi (W)
Kampala Queens (W)
Kampaniakos
Kampaniakos U19
Kanifing East FC
Kaohsiung Attackers (W)
Karacabey Belediyespor
Karachi City (W)
Karadeniz Eregli
Karaman Belediyespor
Karbalaa
Karonga United
Karsiyaka
KAS Eupen
Kasetsart FC
Kastamonuspor
Katwijk
Kavala
Kavala U19
Kawempe Muslim FC (W)
Kayole Starlets FC (W)
Kayserispor U19
Keciorengucu
Keith FC
Kentavros Vrilission
Kepez Belediyespor
Kestel Cilekspor
KF Apolonia Fier
KF Ballkani
KF Dukagjini
KF Iliria Fushe-Kruje
KF Laci
KF Llapi
KF Lushnja
KF Prishtina E Re
KF Vllaznia Shkoder
Khonkaen United FC
Kia Academy
Kibera Black Stars
Kidderminster Harriers
Kidsgrove Athletic FC
Kifisia
Kifisia (W)
Kilkisiakos
Killester Donnycarney
King Faisal
Kipanga FC
Kirikkale Buyuk Anadolu
Kisumu All Stars
Kitara FC
Kitchee (W)
Kiyovu Sports
KM Torhout
KMKM FC
Kneeling Warriors (W)
Kocaelispor U19
Kolos Kovalivka
Koninklijke HFC
Korabi
Kozakken Boys
Kozani
Krim (W)
Kryvbas Kryvyi Rih
KS Besa Kavajë
KS Bylis
KS Pogradeci
KSA Juniors
KSE Targu Secuiesc
Kucukcekmece Sinopspor
Kufrsoum SC
Kumasi Ebony FC
Kuopio PS
Kutahyaspor
Kuwait U23
KV Kortrijk
KVK Ninove
Kvk Tienen
KVV Thes Sport Tessenderlo
KVV Zelzate
KVZ SC
Kwansei Gakuin University
Kwara United
L'Entregu CF
La Cruz Villanovense U19
La Habana
La Horquetta Rangers
La Jeunesse
La Solana (W)
La Viena FC
Lady Doves FC (W)
Lancaster City
Las Rozas CF
Las Rozas CF U19
LDU Quito
Le Havre AC (W)
Leafield Athletic (W)
Leca FC
Lecco U19
Leeds United (W)
Lege Cap Ferret
Leicester City
Leighton Town
Leiknir Reykjavik
Lentigione Calcio
Les Genets d Anglet
Levadiakos
Levante UD (W)
Levante UD U19
Lewes FC
Lewes FC (W)
Lideta Sub City (W)
Light Stars FC
Lille OSC II
Limianos
Limonest FC
Lincoln United
Linlithgow Rose
LISCR
Liverpool Feds WFC (W)
Llandudno FC
LNZ Cherkasy
Lobi Stars
Locust
Lokomotiv Tbilisi
London City Lionesses (W)
Louletano
Loznica
LR Vicenza U19
Luanda Villa
Luftetari
Lugazi Municipal FC
Lusitano Evora 1911
Maccabi Achi Nazareth U19
Maccabi Ahi Nazareth FC
Maccabi Be'er Yaakov
Maccabi Beer Sheva U19
Maccabi Herzliya U19
Maccabi Ihud Bnei Avtin
Maccabi Ironi Amishav Petah Tikva
Maccabi Ironi Kfar Yona
Maccabi Ironi Kiryat Malakhi
Maccabi Ironi Netivot
Maccabi Jaffa U19
Maccabi Kabilio Jaffa
Maccabi Kiryat Gat
Maccabi Netanya U19
Maccabi Neve Shaanan Eldad
Maccabi Neve Yosef U19
Maccabi Nujeidat Ahmed
Maccabi Petah Tikva
Maccabi Petah Tikva U19
Maccabi Tel Aviv U19
Maccabi Yavne
Maccabi Yavne Shimon U19
Maceratese
Macuba Wfc (W)
Madira Soccer Assassins (W)
Madrid CFF (W)
Madura United U20
Maejo United
Mafunzo FC
Majestic
Makedonikos
Makeni All Stars
Makerere University WFC (W)
Malaga CF (W)
Malaga CF II
Malahide United
Malavan Bandar Anzali FC
Malaysia (W)
Malaysia U22
Malindi SC
Malisheva
Manchester City (W)
Manfredonia Calcio
Mantova FC U19
Marbelli
Mardin BB
Marimoo
Marines
Marinhas U19
Marino Luanco
Maroons FC
Marsa FC
Mathare United
Matlock Town
Mazidagi Fosfat Spor
MB Barika
Mbale Heroes
Mbeya Kwanza FC
MBMB Warrior
Mbuni
MC Alger U20
MC Oran U20
MC Saida
MCF FC
MEAP Pera Chorio-Nisou
Mechal SC (W)
Meghalaya Police
Melita FC
Menemenspor
Menge Belashangul
Menzel Bourguiba
Merida AD
Mes Sungun Varzaghan FSC
Mexico FC
Mgarr United FC
Mgarr United FC (W)
Middlesbrough FC (W)
Midleton
Mighty Wanderers
Mighty Wanderers Queens (W)
Migori Youth
Milan Futuro
Ming Chuan Desafio
Ministry of Interior FA
Miroplast
MK Dons (W)
MK Kabbir
MKE Ankaragucu
Mladost DG
Mladost Zdralovi U19
MO Bejaia U20
Modern Sport (W)
MOFA
Mohammedan SC Dhaka
Moik Baku
Mombasa Elite
Monastir
Moncao
Moncarapachense
Mons Calpe SC
Montaneros CF U19
Montespaccato
Montlouis
Montpellier II
Montrose FC (W)
Moralo CP
Moreirense FC U19
Mortagua
Mossley AFC
Motherwell FC (W)
Mousehole AFC
Moyale Barracks
Moyola Park
MS Abu El Matamir
MS Bnei Jaffa Ortodoxim
MS Hapoel Yeroham
MS Kiryat Yam U19
MS Tzeirey Haifa
MS Tzeirey Kfar Kana
Mtarfa FC
Muaither SC
Muangnont Bankunmae FC
Mudhar
Mueang Trang United
Muglaspor
Muhazi United (W)
Mukura
Muranga Seal
Mus 1984 Musspor
Musanze
Muscat
Mwembe Makumbi City
Myanmar (W)
Myanmar U22
Mzuzu City Hammers
NA Hussein Dey U20
Nabarouh
Naft Al-Basra
Naft Gachsaran
Naft Masjed Soleyman FC
Naija Ratels (W)
Nairobi City Stars FC
Nairobi United
Naivas
Nakhon Si United
Napoli (W)
Napoli U19
Nasarawa Amazons (W)
Nasarawa United
Nasrin Sports Academy (W)
Nassaji Mazandaran
National Bank (W)
Nations FC
Nautico Futebol Clube (W)
Naval 1893
Naxara CD
Naxxar Lions F.C.
Nchanga Rangers (W)
Ne Bouira (W)
Nea Selefkia
Nebbi Central
Needham Market FC
Nees Atromitos 2018 (W)
Negele Arsi
Nekemte Ketema
Nepal Armed Police Force (W)
Nestos Chrysoupoli
Neuilly Sur Marne
New King
Newcastle Jets (W)
Newcastle United (W)
Newington Yc
Newport City FC
NF Railway
Nib FC
Niki Volos
Niki Volou 1924 U19
Nimes Olympique
Nissa FC
Nizwa
NK Kustosija U19
NK Lokomotiva Zagreb U19
NK Osijek U19
NK Radnik Sesvete U19
NK Samobor U19
NK Slaven Belupo U19
Nkombo FC
Nong Bua Pitchaya
Nongkseh SCC
North Bangkok University
North Ferriby United
North Miami ISA
Northeast United FC II
Notaresco Calcio
Nouakchott Academie
NRC Boudjelbana U20
Nsuopun Fidelity
Ntopwa FC (W)
Nyagatare (W)
Nzoia Sugar
O Elvas Cad
OC Kerkennah
Odishi Zugdidi
Odysseas Moschatou (W)
OFI Crete
OFI Crete (W)
OFI Crete U19
Oil India Limited
Olancho FC
Olimpico Totana
Olimpija Ljubljana (W)
Oliveira Hospital
OLS Oulu
Oltul Curtisoara
Olympia Las Rozas (W)
Olympiacos Piraeus II
Olympique Akbou U20
Olympique Lyonnais II
Olympique Marseille (W)
Olympique Marseille II
Oman U23
Omid Tehran
Omonia 29th May
Omonia Aradippou
Onze Createurs
Orduspor
Oriente Petrolero U19
Orihuela CF
Orvietana
Osaka University of Health And Sport Sciences
Osmaniyespor
Oud-Heverlee Leuven (W)
Oud-Heverlee Leuven II
Ourense CF
Oxford Sunnyside FC
Padova U19
Padriew City
Padyab Khalkhal
PAEEK
Pags Fc
Paksi FC
Palencia CF
Palermo U19
Palestine
Palmeiras SP (W)
Panaitolikos
Panaitolikos U19
Panargiakos
Panargiakos U19
Panathinaikos (W)
Panathinaikos U19
Panionios
Panserraikos
Panthere Sportive
Panthouriakos
PAOK (W)
PAOK Dytikou
PAOK II
PAOK U19
Paradou AC
Paradou AC U20
Paris Saint-Germain (W)
Paris Saint-Germain U21
Parma Calcio 1913 (W)
Parma Calcio 1913 U20
Partick Thistle (W)
PAS Giannina
PAS Giannina U19
Pasaia KE
Patacona U19
Pathum Thani University
Pattani
Pattaya United FC
Pazarspor
Pena Balmaiso CF
Peña Sport FC
Penarol Montevideo II
Pendikspor U19
Penybont
Persepolis FC
Persib Bandung U20
Persija Jakarta U20
Persijap Jepara U20
PERSIK Kediri U20
Persita Tangerang U20
Perth Glory
Pescara U19
Petrolul Ploiesti II
PFC Levski Sofia
PFC Ludogorets Razgrad II
Phichit United
Philippines (W)
Phnom Penh Crown
Phuket Andaman
Piacenza Calcio
Picerno U19
Pieta Hotspurs
Pizarra Atletico CF
PO Achyronas Onisilos
Polatli Belediye Spor
Police Bullets (W)
Police FC Rwanda
Polisi Tanzania FC
Polissya Zhytomyr
Politehnica Iasi
Politehnica Timisoara
Pontefract Collieries
Pontevedra CF U19
Pontivy GSI
Pontypridd Town
Portimonense II
Porto Vitoria U20
Portsmouth (W)
Poseidon Nea Michaniona
Posta Rangers
POT Iraklis
Potenza U19
Potters Bar Town FC
Power Dynamos
Prado U19
Prescot Cables
Pride East Mavericks
Primorje Ajdovscina (W)
Prison Service FC
Pro Palazzolo
Pro Sesto
Pro Vercelli U19
Progresso Zola Predosa
Progresul Spartac
Proodos Rogon
PSBS Biak U20
PSIM Yogyakarta U20
PSM Makassar U20
PSV Eindhoven (W)
Ptl Bazar Brothers FC
Puente Genil FC
Puskas Akademia
PWD SC
Qatar U23
Queen's Park LFC (W)
Queens Park (W)
Queensland Lions FC U23
Queensland Lions SC
Quick Boys
Racing Beirut
Racing Ciudad de Madrid
Racing Club de France Football
Racing Club Villalbes
Racing Club Zaragoza U19
Racing Ferrol
Racing Santander U19
Rahimo FC
Rahmatgonj MFS
Rail Club Kadiogo
Raj Pracha Nonthaburi
Rakhsh Khodro Tabriz
Ramatlaohle (W)
Ramtha SC
Randers Freja U19
Rangers FC (W)
Ravia Angels FC (W)
Raya Ghazl Kafr Eldwar
Rayo Cantabria
Rayo Ciudad Alcobendas U19
Rayo Vallecano (W)
Rayo Vallecano U19
Rayon Sports
Rayon Sports (W)
RBC Roosendaal
RC Bobo-Dioulasso
RC Celta de Vigo (W)
RC Celta de Vigo II
RC Deportivo Fabril
RC Lens (W)
RC Strasbourg (W)
RCD Espanyol (W)
RCD Espanyol II
RCO Agde
Real Acerrana 1926
Real Avila CF
Real Bedford
Real Betis Balompie (W)
Real Betis Balompie U19
Real Calepina
Real Espana II
Real Jaen CF
Real Madrid (W) II
Real Madrid C
Real Madrid Castilla
Real Monterotondo Scalo
Real Muja (W)
Real Murcia CF U19
Real Oviedo (W)
Real Oviedo II
Real Pilar
Real Sociedad (W)
Real Sociedad U19
Real Union de Irun
Real Valladolid II
Real Valladolid U19
Rebordosa AC
Recanatese
Recreativo Huelva
Red Arrows
Red Star Belgrade
Reggina 1914
Reliance FYC
Renate U19
Res Roma (W)
RFC Seraing
Rijnsburgse Boys
Rines SS FC (W)
Rio Ave FC (W)
Rio Ave FC U19
River EC RR (W)
Riyadi Abbasiya
Rizespor U19
RKAV Volendam
Roda JC U21
Roi Et United
Rospak
Rousset Ste Victoire
Royal Antwerp II
Royal Knokke FC
Royale Binche
RRC Stockay Warfusee
RS Tallinding
RSB Berkane (W)
RSC Anderlecht (W)
RSC Habay
RSD Alcala
Rudes U19
Rukh Lviv
Rumilly Vallieres
Rundu Chiefs
Rustaq Club
Ruthin Town FC
Rutsiro FC
Safa
Safa Beirut
SAG Cestas
Sahdag Qusar
Sahel SC
Saint Malo (W)
Saint Priest
Saint-Pryve-Saint-Hilaire
SaiPa Karaj FC
SAK FC (W)
Sakaryaspor U19
Salalah SC
Salamanca CF UDS
Salamanca CF UDS II
Sama Al Sarhan
Samail SC
Sambenedettese U19
Sambiase
Samira FC
Sammaurese
Samsunspor U19
Samut Sakhon
San Francisco U19
San Luigi Calcio
San Marino Academy
Sancataldese Calcio
Sanremese
Sant Angelo 1907
Sant Cugat FC (W)
Sant Cugat FC U19
Santa Amalia
Santa Clara Sad U19
Santa Lucia FC
Santos SP (W) U20
Santutxu FC
Santutxu U19
Sao Joao Ver
Sao Raimundo RR (W)
Sariyerspor U19
SAS Epinal
Sasso Marconi
Sassuolo (W)
Saudi Arabia U23
Saumur Olympique
SC Braga (W)
SC Braga U19
SC Covilha
SC Dimona
SC Faetano
SC Hapoel Lod
SC Kfar Qasem U19
SC Lusitania Angra
SC Maccabi Ashdod
SC Mirandela
SC Moknine
SC Olimpia MCMXXI Satu Mare
SC Poltava
SC Popesti-Leordeni
SC Salgueiros
SC Trestina
SC Uniao Torreense
SC Uniao Torreense U19
SC Vianense
Scandicci
Scanzorosciate Calcio
SCD Durango
SCD Ligorna 1922
SCM Oran U20
SCM Ramnicu Valcea
SCM Zalau
SCU Torreense (W)
SD Amorebieta
SD Amorebieta II
SD Balmaseda
SD Beasain
SD Compostela
SD Eibar (W)
SD Eibar II
SD Eibar U19
SD Ejea
SD Gernika
SD Huesca II
SD Huesca U19
SD Indautxu
SD Leioa U19
SD Lenense
SD Logrones
SD Oyonesa
SD Portmany
SD Sarriana
SD Tarazona
SD Torina
SE AEM (W)
Sebat Genclik Spor
Sed Elmahla
Sektzya Ness Ziona U19
Selaya FC
Semassi
Semen Padang U20
Sendai University
Senior Pros FC (W)
Sepahan FC
Sepahan Novin Esfahan
Serrekunda FC
Serrekunda United
Servette FC Chenois (W)
Sestao River
Sevilla FC (W)
Sevilla FC C
Sevilla FC U19
Sfax Railways
SFC Minerva
Shabab Al Ahli U21
Shabab Al-Ordon
Shabab Sahel
Shabana
Shahin Sazeh Tehran
Shahrdar Mahshahr
Shahrdari Noshahr
Shaita Angels (W)
Shatin (W)
Sheffield United LFC (W)
Sheger Ketema (W)
Shepshed Dynamo FC
Shifnal Town
Shillong Lajong FC II
Shimshon Tel Aviv
Shimshon Tel Aviv U19
Sibanor United
Sidama Bunna
Sidama Bunna (W)
Siello
Silifke Belediyespor
Silivrispor
Silsden AFC
Silva SD
Silver Strikers
Simal
Sina Gerald AC
Singapore U22
Singburi FC
Sintrense
Siracusa Calcio 1924
SK Roeselare
SKAF Khemis Miliana U20
SL Benfica U19
SL16 FC
SM Caen II
Small Town (W)
Sofapaka FC
Sokoto United
Sol FC Abobo
Soma Zaferspor (W)
Sondrio Calcio
Soneja
Songea United
Songkhla United FC
Soy United FC
SP Cailungo
SP La Fiorita
SP Tre Fiori
SP Tre Penne
SP Villafranca
Spakenburg
Sparta Rotterdam II
Spartak Subotica
Spartakos Kitiou
Spezia Calcio U19
Sport Extremadura CD (W)
Sporting Ben Arous
Sporting CP (W)
Sporting CP II
Sporting CP U19
Sporting CP U23
Sporting de Alcazar CF
Sporting Football Des Cascades
Sporting Gijon (W)
Sporting Gijon II
Sporting Gijon U19
Sporting Hasselt
Sporting Hortaleza U19
Sporting Khalsa FC (W)
Sporting Lagos FC
Sporting Uxama
SS Arezzo (W)
SS Cavese
SS Cosmos
SS Folgore / Falciano
SS Lazio 2015 (W)
SS Milazzo
SS Monopoli U19
SS Murata
SS Pennarossa
SS San Giovanni
SS Virtus
SSD Casarano Calcio U19
SSD Citta di Gela
SSD Fidelis Andria 2018
St Albans City
St Andrews FC
St Johnstone FC (W)
St Josephs
St Michel United
St. Josephs
St. Maur Lusitanos
St. Mochta's
Stade Beaucairois
Stade Brestois 29 II
Stade d'Abidjan
Stade de Mbour
Stade de Reims (W)
Stade Gabesien
Stade Lavallois II
Stade Malien de Bamako
Stade Reims II
Stade Rennais II
Stafford Rangers
Stalybridge Celtic
Stand United
Standard Liège (W)
Stanway Rovers
Star Sport Academy
Stockport County (W)
Stocksbridge Park Steels
Su 1 Dezembro
SU Dives
SUBT
Sunderland AFC (W)
Sunrise
Super Strikers Ladies (W)
Sur
Surin City
Suvermez Kapadokya Spor
SV Austria Salzburg 1933
SV Broki
SV Leo Victor
SV Meerssen
SV Robinhood
SV Zulte Waregem II
Svay Rieng FC
Swedru All Blacks
Swindon (W)
Swindon Supermarine
Syria
Taichung Blue Whale (W)
Taichung Rock FC II
Taichung Sakura (W)
Taipei Bravo (W)
Taiwan Power Company
Takamatsu University
Talaea El Gaish
Tanta FC
Tarun Sporting
Tataouine
Taunton Town
TEC
Telecom Egypt
Teramo Calcio
Ternana Calcio U19
Terrassa FC
Tersana SC
Thailand U22
Thesprotos
Thies FC
Thyella Patron
Tire 2021 FK
Tivoli Gardens
TMA FC
Tokai University
Tokoha University
Tolka Rovers
Tomares U19
Tondela U19
Torque II
Torrellano
Torres U19
Toulon
Toulouse FC II
TPS
Trabzonspor U19
Trajal Krusevac
Transit Camp
Transport United FC (W)
Trastevere U19
Trat FC
Tres Cantos
Treviso
Trikala (W)
Trinity Starlets (W)
Tropical Coriano
True Democracy
Tsl FC (W)
Tsukuba University
Tuen Mun (W)
Turegano CF
Turk Metal Kirikkale
Tusker FC
Twente/Heracles U21
Tzeirei Kafr Manda
Tzeirey Tamra
Tzeirey Um El Fahem
UB Conquense
Ubon Krua Napat FC
UC Albinoleffe U19
UC Cartes
UCAM Murcia CF
UCAM Murcia CF II
UCAM Murcia CF U19
UD Almeria II
UD Almeria U19
UD Aretxabaleta
UD Barbadas
UD Barbastro
UD Collerense
UD Gijon Industrial
UD Ibiza
UD La Fuente
UD La Mosca U19
UD Las Palmas Atletico
UD Leiria U23
UD Logrones
UD Logrones II
UD Maracena
UD Melilla
UD Montijo
UD Mutilvera
UD Ourense
UD Racing Alcazar (W)
UD Rotlet Molinar
UD Samano
UD San Sebastian de los Reyes
UD San Sebastian de los Reyes II
UD Santarem
UD Socuellamos
UD Torre Del Mar
UDC Txantrea
UDG Tenerife Sur (W)
UDI 19
Udon United
UE Castelldefels
UE Cornellà
UE Cornellà (W)
UE Porreres
UE Sant Andreu
UE Santa Coloma
UE Vilassar de Mar
UF Maconnais
Uhamiaji
Um Al Hassam
UM Escobedo
Ümraniyespor U19
UNAM Pumas U20
Uniao Lamas
Uniao Leiria
Uniao Leiria (W)
Uniao Leiria U19
Uniao RN (W)
Uniao SC Paredes
Uniao Serra
Union Brescia U19
Union La Jota Vadorrey (W)
Union Namur
Unione La Rocca Altavilla
Unionistas de Salamanca CF
Unionistas de Salamanca CF II
Unionistas de Salamanca CF U19
Unique Global FC
Unirea Branistea
Unirea Dej
United Arab Emirates U23
United Chirang Duar
Universitatea Craiova II
UP Langreo
UR FC
Urban Titu
US Bechar Djedid
US Berhoum U20
US Bougouni
US Cavaliers de Nikki
US Citta Di Pontedera
US Cremonese U20
US Gendarmerie Nationale
US Goree
US Ksour Essef
US Ouakam
US Pergolettese 1932
US Pergolettese U19
US Pianese U19
US Salernitana 1919
US Salernitana 1919 U19
US Torcy
US Vibonese Calcio
Usak Spor
USD Casatese
USD Castellanzese 1921
USF Constantine
USFAS Bamako
USM Alger U20
USM Blida U20
Usm El Harrach U20
USM FC
USM Saran
Ussa Vertou
USV Hercules U21
Utebo FC
Utrecht (W)
Val Minor U19
Valencia CF (W)
Valenzana Mado
Valkyrie (W)
Varazdin U19
Varesina Calcio
Varzim SC
Vasco da Gama Vidigueira
Vauxhall Motors
Velez Sarsfield II
Venezia (W)
Venezia FC U19
Veres Rivne
Victoria CF Coruna (W)
Victoria FC (W)
Victoria Traian
Vierzon
Vietnam (W)
Vietnam U22
Vigor Lamezia
Vigor Lamezia U19
Vigor Senigallia
Vihiga Queens FC (W)
Vihiga United
Vikingur Reykjavik
Villarcayo Nela
Villarreal CF II
Villarreal CF U19
Villarrubia CF
Villaverde San Andres
Vimy
Vipers
Virtus Entella U19
Virtus Francavilla
Virtus Francavilla U19
Virtus Vecomp Verona U19
Virtus Verona
Vision FC
Vision JN FC
Vitesse FC
Vitoria Guimaraes U19
Vitoria SC (W)
Vitoria Sernache
Vitre AS
Vittoriosa Stars
Viven Bornova
Vivi Altotevere Sansepolcro
Volos 2004 (W)
Volos NFC U19
Vora
Vrsac
VV Gemert
VV GOES
VV Scherpenzeel
VV UNA
VVSB
WA Boufarik
Wallidan
Wan Island
Warrington Rylands 1906 FC
Watford FC (W)
Wayside Celtic
Welling United FC
Wellington Olympic
Welwalo Adigrat
West Bromwich Albion (W)
Whitehawk
Wick Academy
Wilberforce Strikers FC
Willand Rovers FC
Wingate & Finchley
Wits University
Witton Albion
Wolfsberger AC
Wologisi FC
Wolverhampton Wanderers U21
Worcester City (W)
Wroxham
WSE (W)
WSG Tirol
Wusum Stars
Wythenshawe FC (W)
Xanthi
Xerez CD
Yagüe CF
Yeclano Deportivo
Yemen U23
Yeni Mersin Idmanyurdu AS
Yesil Yalova
Yirga Chefe Bunna (W)
Young Boys Diekirch (W)
Yozgat Bld Bozokspor
Zamalek SC (W)
Zaragoza CFF (W)
Zebbug Rangers FC
Zesco United FC
Zetech Sparks (W)
Zimamoto
Zizwe United
ZNK Mura Nona (W)
Zoman FC
Zonguldak Komurspor
Zurrieq